526540,Angelique,Goodwin,Academic purpose,F,20,2,angelique.goodwin@gmail.com,z{d>ez%{.@
859327,Jeni,Shaffer,Personal Use,F,12,1,jeni.shaffer@gmail.com,7U56!*!O
887387,Donald,Farris,Academic purpose,F,15,1,donald.farris@bellsouth.net,rX.F{j&]&m&&X
779497,Steven,Rendon,Big Organization,M,54,10,steven.rendon@gmail.com,a+2ssx}<G]y
896517,Jenell,Almanza,Personal Use,F,13,2,jenell.almanza@yahoo.com,Ou7RX{yT
220965,Almeta,Brookins,Small organization,F,30,5,almeta.brookins@gmail.com,HQHKE_+9hv
721091,Bobbie,Branson,Big Organization,M,42,7,bobbie.branson@hotmail.com,tA5zrwtY9\!Y
633636,Bertram,Carlisle,Gaming Purpose,M,15,7,bertram.carlisle@aol.com,F4G46Phi$qF
823898,Carlton,Leclair,Small Organization,M,21,6,carlton.leclair@cox.net,Kce]/Rnti6
413865,Todd,Slater,Small Organization,M,22,6,todd.slater@earthlink.net,EZ5}EHI4
439483,Adalberto,Hazel,Big Organization,M,37,7,adalberto.hazel@yahoo.co.in,j8v|]L6g2j/T$4+
809408,Seymour,Nelson,Small organization,M,32,6,seymour.nelson@hotmail.com,cEvcPqX[
748190,Vicente,Dawkins,Small Organization,M,29,6,vicente.dawkins@gmail.com,t\XAs6?s[c>!47c
397283,Rex,Ng,Gaming Purpose,M,16,7,rex.ng@yahoo.com,rcT|A/ba:8aZ$q
553684,Arlena,Clough,Small organization,F,28,2,arlena.clough@yahoo.com,5vI5~Zd:
495667,Cory,Clarke,Personal Use,M,14,3,cory.clarke@shell.com,k2QH6T#d!
936158,Sofia,Poole,Academic purpose,F,25,1,sofia.poole@earthlink.net,GLTTXR|JL0~E
537591,Samuel,Wendt,Big Organization,M,39,7,samuel.wendt@bellsouth.net,pOq-woq:}4.ubd0
909018,Virgil,Trowbridge,Personal Use,M,15,3,virgil.trowbridge@aol.com,3PE>x:gOp<AY5jN
878666,Elda,Champagne,Personal Use,F,16,4,elda.champagne@gmail.com,IawX0iQY&D
995710,Robert,Guinn,Small organization,M,23,2,robert.guinn@walmart.com,x@xCTeXJ74*}R8
511059,Humberto,Sauer,Personal Use,M,17,1,humberto.sauer@yahoo.com,q&_|-%P-S/
754455,Anastasia,Childers,Small organization,F,24,2,anastasia.childers@hotmail.com,5GsrxDn:
489275,Collene,Kidd,Small organization,F,25,2,collene.kidd@shell.com,goocZI#~7N!7suU
500905,Harris,Beavers,Personal Use,M,18,2,harris.beavers@shell.com,gv8q[B?p
984409,Kathe,John,Gaming Purpose,F,17,8,kathe.john@gmail.com,A\Pv~BOD8
812053,Ashly,Stanton,Small Organization,F,26,3,ashly.stanton@gmail.com,3<u55Xj^@fy7#OS
550206,Geraldo,Easley,Big Organization,M,48,8,geraldo.easley@shaw.ca,3q\|HQi9{R>IRL
728053,Leigh,Fite,Small organization,M,27,3,leigh.fite@gmail.com,3r|R05du]98pR8I
184257,Devon,Knox,Small organization,F,28,3,devon.knox@gmail.com,LfKn#gT3h>
235295,Yevette,Mullis,Big Organization,F,53,8,yevette.mullis@gmail.com,quS?S>|}
767674,Irena,Dang,Academic purpose,F,16,1,irena.dang@gmail.com,SKR2COdtmJA
391837,Cory,Hayden,Academic purpose,M,20,2,cory.hayden@gmail.com,M9Nqt*&>*c5
466560,Dolores,Begley,Gaming Purpose,F,18,8,dolores.begley@hotmail.com,8esFDv*HnOG
900756,Benjamin,Doss,Big Organization,M,31,8,benjamin.doss@gmail.com,3k}8*JZ!
678628,Theron,Farmer,Small organization,M,29,1,theron.farmer@gmail.com,0qC2c1MJ2H&@
492527,Hilton,Mcgehee,Big Organization,M,51,8,hilton.mcgehee@microsoft.com,8thdsXfBeBv6N
886060,Sixta,Beaudoin,Big Organization,F,35,8,sixta.beaudoin@gmail.com,Hu5[dWW~hFPy34
366431,Sade,Shay,Small Organization,F,30,1,sade.shay@gmail.com,y>sY[$It
331297,Shemika,Beckman,Big Organization,F,44,8,shemika.beckman@hotmail.com,LS/qdpEb1K
496541,Winfred,Gonzales,Small organization,M,21,1,winfred.gonzales@aol.com,Q&>Mi&B%kml34tm
654617,Rogelio,Woodall,Big Organization,M,48,8,rogelio.woodall@gmail.com,d/D9:/YN
163409,Damion,Rafferty,Small organization,M,20,1,damion.rafferty@yahoo.com,54XMnP*\F9&
299088,Dannie,Catron,Big Organization,M,52,8,dannie.catron@earthlink.net,YI[#Xj}?oj
961442,Stephan,Titus,Personal Use,M,19,3,stephan.titus@hotmail.com,ME_YQuf}sVlbIz\
155097,Dorian,Sage,Gaming Purpose,M,19,8,dorian.sage@shaw.ca,DRtK9Gnq^X0cm
976422,Jake,Espinal,Academic purpose,M,18,1,jake.espinal@shaw.ca,oKz3l$S2Q|sY41
138911,Claudio,Heck,Big Organization,M,30,8,claudio.heck@aol.com,mH_b:JA52
160938,Marcel,Trotter,Small Organization,M,22,3,marcel.trotter@aol.com,jI?44\xh
399707,Dillon,Dominguez,Gaming Purpose,M,20,8,dillon.dominguez@gmail.com,2LdirxG@
713294,Sammy,Dewitt,Gaming Purpose,M,21,8,sammy.dewitt@ibm.com,Quwicz}Ebz
627298,Sterling,Serna,Small organization,M,23,4,sterling.serna@hotmail.com,z9>oc+y*S%
709884,Ivonne,Manning,Personal Use,F,20,1,ivonne.manning@yahoo.ca,mnJ6W:Dx[
932773,Clair,Harwell,Big Organization,M,31,8,clair.harwell@bp.com,E_sH/rBx9_Nv?@3
796605,Jenni,Goolsby,Big Organization,F,33,8,jenni.goolsby@gmail.com,KTBjHdx_tdc8
885395,Tayna,Poston,Small organization,F,24,8,tayna.poston@yahoo.ca,QX<6#AEi4vVWzSN
411503,Vern,Mackenzie,Big Organization,M,35,8,vern.mackenzie@gmail.com,I/&NJoaD
622405,Harrison,Hawk,Gaming Purpose,M,22,9,harrison.hawk@hotmail.co.uk,Q_TqJfDpD
233136,Preston,Tribble,Gaming Purpose,M,23,9,preston.tribble@exxonmobil.com,38Tw3pt|tOMAX4
170637,Aleen,Araujo,Big Organization,F,36,9,aleen.araujo@gmail.com,Bq|uR%t>/|m0
215719,Brent,Carrillo,Academic purpose,M,30,1,brent.carrillo@aol.com,KwY0@]JJ#
452163,Adalberto,Tate,Academic purpose,M,15,1,adalberto.tate@shaw.ca,OCFPmhX0*F
572204,Rafael,Weeks,Personal Use,M,21,2,rafael.weeks@gmail.com,pK~<0k<t/UM
779517,Aurea,Pullen,Personal Use,F,22,3,aurea.pullen@gmail.com,D7fdw~fTX_G3CTg
844157,Ramiro,Holguin,Gaming Purpose,M,24,9,ramiro.holguin@gmail.com,6jB:x4I3~
312726,Celine,Lumpkin,Personal Use,F,23,3,celine.lumpkin@gmail.com,q.2icGDg/y-:TpQ
419549,Bryant,Naylor,Small Organization,M,25,4,bryant.naylor@hotmail.com,58gQWZs-fge
505927,Oswaldo,Winchester,Small Organization,M,26,5,oswaldo.winchester@gmail.com,wJZ&h&rrutImbo
526254,Kacy,Crandall,Small Organization,F,27,5,kacy.crandall@hotmail.com,lf[11#r$/>+.ZJ
460226,Brock,Hutcherson,Big Organization,M,38,9,brock.hutcherson@hotmail.com,N>dyw+gF9$EYoA
840113,Ramiro,Conover,Personal Use,M,24,1,ramiro.conover@earthlink.net,xh>\9O[Z
432820,Myron,Marble,Personal Use,M,25,1,myron.marble@gmail.com,w<lD4Yk4fX!IK[
957596,Freeman,Kern,Academic purpose,M,12,2,freeman.kern@gmail.com,yq36Zq|-
530134,Mathew,Whitfield,Personal Use,M,12,1,mathew.whitfield@gmail.com,Q6Q^XYyp\|*}
316372,Alexander,Goad,Gaming Purpose,M,25,9,alexander.goad@cox.net,q}AD{7+1\5R5?O
501658,Renee,Beverly,Academic purpose,F,20,3,renee.beverly@rediffmail.com,aTwE52/WPpZ
147133,Tommie,Weller,Small Organization,M,28,6,tommie.weller@cox.net,IEcfme@JT\rcE5<
551149,Michale,Colson,Big Organization,M,55,9,michale.colson@comcast.net,kkbwkI.Ke0
595558,Denisha,Fitch,Personal Use,F,13,1,denisha.fitch@msn.com,18fz@t:q7aEA
637407,Napoleon,Kelsey,Big Organization,M,41,9,napoleon.kelsey@hotmail.com,NJXsqDvZ#S0t
597741,Tonya,Wilson,Big Organization,F,45,9,tonya.wilson@aol.com,8#M^Q$|&
403534,Clement,Hidalgo,Gaming Purpose,M,15,9,clement.hidalgo@gmail.com,kF/EUb\XBZ8te
314661,Charles,Quintero,Big Organization,F,39,9,charles.quintero@gmail.com,NJ%-H]SOL7Jd
317987,Chastity,Pineda,Academic purpose,F,30,1,chastity.pineda@shaw.ca,n4dtB}A@?
820109,Verna,Michaud,Academic purpose,F,32,1,verna.michaud@gmail.com,nXkZ}%C/wu
388558,Alfred,Beamon,Small Organization,M,29,6,alfred.beamon@gmail.com,g_nkbo7_$^
403207,Michal,Maurer,Small organization,F,30,7,michal.maurer@yahoo.com,P0s0RWz&
143711,Wenona,Carmichael,Gaming Purpose,F,26,9,wenona.carmichael@yahoo.com,1MEI.O:1
402180,Allan,Bernhardt,Small organization,M,31,9,allan.bernhardt@gmail.com,kSGhyhoJOGhU
242388,Nam,Schmidt,Personal Use,F,14,1,nam.schmidt@yahoo.co.uk,w&~5KY4|-jL[:
819367,Yolande,Piper,Academic purpose,F,23,3,yolande.piper@gmail.com,h6\}gLafP7r-\T
962291,Whitney,Shipman,Small Organization,M,32,5,whitney.shipman@gmail.com,KW|xJ*Ts
856379,Terence,Ferro,Small organization,M,33,5,terence.ferro@gmail.com,c}v*z0W%+woH~rv
149972,Alberto,Riley,Small organization,M,34,5,alberto.riley@gmail.com,d%Uu\RrsYR@SW|
174955,Jacqueline,Burk,Big Organization,F,35,9,jacqueline.burk@verizon.net,hRd>a$sd5l-R
549389,Clemente,Gould,Personal Use,M,15,1,clemente.gould@hotmail.com,m1%+0ojh7VIvJ
466832,Chang,Roden,Small Organization,F,34,5,chang.roden@yahoo.com,5|Rn]G:#58f$>+S
203380,Marvin,Nickel,Small Organization,M,35,5,marvin.nickel@ibm.com,8*E[g-_X|
915991,Eldora,Tribble,Small Organization,F,35,5,eldora.tribble@earthlink.net,z>ms?s$8-u
289172,Azzie,Layman,Big Organization,F,47,9,azzie.layman@hotmail.co.uk,k<%?%TML.].1ZY
914365,Titus,Latimer,Small Organization,M,21,5,titus.latimer@gmail.com,Sj%1l+LQ
971242,Shantell,Long,Big Organization,F,58,9,shantell.long@gmail.com,jW|uZdF<
503248,Cameron,Irvin,Big Organization,F,46,9,cameron.irvin@yahoo.com,m$vhKiJl\4PdqIv
521540,Virgilio,Messer,Personal Use,M,16,1,virgilio.messer@aol.com,4\4#c7PNM.NWq8O
790395,Eboni,Lujan,Personal Use,F,17,1,eboni.lujan@hotmail.com,YFfZc~x-ZdXbNbo
734861,Ward,Gauthier,Personal Use,M,18,1,ward.gauthier@hotmail.com,jxT6OZjTvIMT3Hz
592815,Yasuko,Gandy,Small Organization,F,22,5,yasuko.gandy@gmail.com,zxxq2.X3T$.L4g
556008,Agustin,Eden,Small organization,M,23,5,agustin.eden@yahoo.co.in,pzq<4dDM
888597,Sunny,Mccreary,Gaming Purpose,F,15,9,sunny.mccreary@rediffmail.com,UbrG5Z<>&k^*QL
946550,Janyce,Hollenbeck,Big Organization,F,33,9,janyce.hollenbeck@gmail.com,VUL0qg#DPgITXb
438869,Bernardo,Caron,Small Organization,M,24,5,bernardo.caron@cox.net,83#N@bVP
685600,Leon,Keeling,Personal Use,M,19,2,leon.keeling@gmail.com,x7Y\x_SU8L&1
829901,Walker,Foley,Big Organization,M,35,9,walker.foley@hotmail.com,9l3|AS9E9
354626,Rolando,Bickford,Big Organization,M,52,9,rolando.bickford@gmail.com,rQ|DsFXq
296454,Glenn,Pace,Big Organization,M,41,9,glenn.pace@gmail.com,5+yTWoCy
867400,Tandy,Binkley,Big Organization,F,42,9,tandy.binkley@msn.com,8I{G7MPn&tI~Fz
354161,Irving,Toler,Small Organization,M,20,5,irving.toler@exxonmobil.com,UwFTCa-s:y_ZWV
906193,Elin,Mayes,Personal Use,F,20,2,elin.mayes@aol.com,JW/|$0M>
602041,William,Katz,Small Organization,M,25,5,william.katz@shell.com,zsp0hxbv?G
514224,Silvana,Leclair,Personal Use,F,11,2,silvana.leclair@gmail.com,U?n$OUUir
834046,Kirby,Hendrick,Big Organization,M,40,9,kirby.hendrick@aol.com,t:/zln+?V
538803,Rubin,Newman,Small Organization,M,26,5,rubin.newman@outlook.com,0nNbG[!H{gh
487412,Lee,Roderick,Personal Use,M,23,2,lee.roderick@aol.com,48y^LLNSHC&
286281,Jesus,Maupin,Personal Use,M,34,2,jesus.maupin@gmail.com,5NB0Y]xIL?wK#i
788924,Riley,Yocum,Personal Use,M,12,2,riley.yocum@earthlink.net,H0|q#e+7Qy+:<p-
416576,Nova,Bouchard,Big Organization,F,46,9,nova.bouchard@gmail.com,leMy|!#__
960215,Shandra,Layman,Big Organization,F,36,9,shandra.layman@gmail.com,TJc!#F41-N?rH
549513,Jacquie,Burkett,Big Organization,F,49,9,jacquie.burkett@aol.com,RWKN31<:g[5?
509864,Nelle,Kenney,Big Organization,F,55,9,nelle.kenney@microsoft.com,xx#jiH8RE4k]Yw6
832966,Rich,Whitmore,Big Organization,M,45,9,rich.whitmore@hotmail.com,x{H6&Ci69\
306746,Antoine,Hendrick,Small organization,M,27,9,antoine.hendrick@yahoo.com,O[S5iYJb
945031,Blaine,Judkins,Personal Use,M,13,2,blaine.judkins@gmail.com,on~Q6&UCa
684637,Raymundo,Poirier,Small Organization,M,28,5,raymundo.poirier@aol.com,M>23xYOdUVS
891328,Blair,Tapia,Big Organization,M,51,9,blair.tapia@hotmail.com,9fZJ3oGder
383614,Charley,Cabrera,Small Organization,M,28,5,charley.cabrera@gmail.com,A&5!|^tM-gg|
180789,Heath,Hartley,Small organization,M,29,5,heath.hartley@cox.net,HWo}V+d2e
356050,Zack,Singh,Gaming Purpose,M,16,9,zack.singh@gmail.com,L%S*@hkJ*3j
185465,Zaida,Odum,Academic purpose,F,21,1,zaida.odum@btinternet.com,FrQ6Ia>9N8O*J
687184,Porfirio,Slone,Big Organization,M,43,9,porfirio.slone@hotmail.com,5PD.PbJ/gZsM
489916,Ryan,Morrell,Big Organization,M,51,9,ryan.morrell@hotmail.com,5up!ofDY]Ln
435833,Luther,Hannan,Personal Use,M,14,2,luther.hannan@yahoo.com,wh+FI!pN:LlW]
702411,Deon,Elizondo,Personal Use,M,15,2,deon.elizondo@yahoo.com,zjwXbO+UOF<M
645244,Dana,Brinson,Gaming Purpose,F,17,9,dana.brinson@gmail.com,C.e*B!_>QW
755710,Manual,Dupuis,Big Organization,M,32,9,manual.dupuis@yahoo.com,n-6EhXrUVGMa!
329638,Kenton,Franz,Academic purpose,M,22,2,kenton.franz@gmail.com,Hr^>w4{Je?
947428,Julian,Bull,Academic purpose,M,30,1,julian.bull@gmail.com,NI|AkK7kf4
353117,Deon,Heath,Small Organization,M,30,5,deon.heath@gmail.com,S@m_%6?q
525537,Angela,Landers,Small organization,F,31,10,angela.landers@verizon.net,t/&[]o$A!Fr
117598,Heidi,Reiter,Big Organization,F,35,10,heidi.reiter@gmail.com,whyxWmIy
957898,Gayle,Green,Big Organization,M,47,10,gayle.green@gmail.com,z*/R[tM@{lk%z
643106,Janey,Swift,Big Organization,F,57,10,janey.swift@yahoo.com,XAq#n4c?RzL~1g
691376,Emilio,Courtney,Academic purpose,M,23,1,emilio.courtney@hotmail.com,th10E6|S{bP4^2_
290435,Brinda,Lowell,Small Organization,F,32,5,brinda.lowell@charter.net,Sh^{5ORrjdrh?
428318,Alexander,Lange,Gaming Purpose,M,18,10,alexander.lange@yahoo.com,6</|Y-^@Sv
709493,Frank,Reinhardt,Big Organization,M,59,10,frank.reinhardt@earthlink.net,2VMP^fKpnKrVk
837051,Monty,Pryor,Big Organization,M,55,10,monty.pryor@gmail.com,c6g]8ekNfsCG
818907,Brinda,Fortune,Small Organization,F,33,5,brinda.fortune@aol.com,yrHtaM&d+<RT4I6
613084,Benny,Couture,Small Organization,M,34,6,benny.couture@aol.com,Bcf9ccg.8h~?
400205,Monty,Vogel,Academic purpose,M,24,1,monty.vogel@gmail.com,I@L+:]1Bk_ix
363221,Lester,Coughlin,Personal Use,F,16,2,lester.coughlin@gmail.com,Fq7tLWEjDE
445473,Shellie,Herring,Small Organization,F,34,10,shellie.herring@aol.com,r1O%fTpVgY|QZ
229262,Kerrie,Chiu,Small Organization,F,35,6,kerrie.chiu@shell.com,IsA*vUvDX<
952927,Gerard,Dickens,Small organization,M,36,6,gerard.dickens@aol.com,DaCw4kqv
723502,Parker,Tuck,Academic purpose,M,25,3,parker.tuck@hotmail.com,5v|3FJyWul
642626,Riva,Hannan,Big Organization,F,30,10,riva.hannan@bellsouth.net,YrsImp&YA:
470485,Steve,Mercier,Academic purpose,M,26,4,steve.mercier@exxonmobil.com,oYRIHzqgC*|t
620100,Fleta,Sutton,Small organization,F,37,6,fleta.sutton@walmart.com,GR5ZQ~~fs#[:*
771679,Chung,Corbett,Small organization,M,38,6,chung.corbett@aol.com,9q7lLvU9ZIT9
904561,Frieda,Forster,Small Organization,F,39,6,frieda.forster@hotmail.co.uk,6|x8nN$>IoW*01
465279,Sirena,Fogle,Personal Use,F,17,2,sirena.fogle@aol.com,P{O.t{$1aO
293923,Alisha,Bard,Personal Use,F,18,2,alisha.bard@ntlworld.com,q.q3>iR1
331158,Deedee,Mercado,Big Organization,F,48,10,deedee.mercado@aol.com,Sx9wLkE.:^I
483286,Cecile,Driver,Big Organization,F,41,10,cecile.driver@gmail.com,myahT]&M
957621,Roosevelt,Nava,Small organization,M,40,6,roosevelt.nava@gmail.com,si]O7+9zHQuz_X
464683,Floyd,Bollinger,Big Organization,M,33,10,floyd.bollinger@verizon.net,an:5h>Qg/
431073,Lacey,Jones,Gaming Purpose,F,19,10,lacey.jones@hotmail.com,j2-&d*Bm
346953,Larry,Dial,Small organization,M,41,6,larry.dial@yahoo.com,is*4R}bGsO
209718,Joel,Holiday,Personal Use,M,19,3,joel.holiday@shell.com,u!j+JHYA
179094,Camilla,Malloy,Small Organization,F,42,6,camilla.malloy@aol.com,NP-!sHWs&
209065,Tyron,Lash,Small Organization,M,43,6,tyron.lash@yahoo.com,AL$rHiG#
915973,Joey,Wren,Small Organization,M,44,10,joey.wren@hotmail.com,cfyQv|v<s*Cv!s
793674,Hubert,Ferrer,Academic purpose,M,27,2,hubert.ferrer@yahoo.com,cNQboOY!TD
665291,Jason,Yarbrough,Small organization,M,45,6,jason.yarbrough@aol.com,DIWObnzN%t
258503,Raymond,Homan,Gaming Purpose,M,20,10,raymond.homan@gmail.com,h\u_QGXJ]//nl
910235,Carmen,Cazares,Academic purpose,M,28,1,carmen.cazares@bellsouth.net,FoE5]@Ye$A/JP^
605376,Daisy,Noland,Small organization,F,20,6,daisy.noland@yahoo.com,4k$B&0Kp
291167,Archie,Caban,Academic purpose,M,29,1,archie.caban@hotmail.co.uk,jT[|c0?[NwwO]U
864600,Bryan,Labbe,Small organization,M,21,6,bryan.labbe@gmail.com,8A1|Ln3L
862997,Shae,Dowdell,Big Organization,F,32,10,shae.dowdell@gmail.com,g]!sBkRP+F\]6Y
989496,Bertha,Meador,Personal Use,F,20,3,bertha.meador@aol.com,h.}M7-I2
411593,Rick,Miles,Small Organization,M,22,10,rick.miles@gmail.com,9@801zDMgz
462737,Lon,Carmona,Personal Use,M,21,3,lon.carmona@yahoo.com,Y@>iZ*pDrz[
634772,Linnie,Christiansen,Small organization,F,23,10,linnie.christiansen@ibm.com,O]6g>Jk$|$hxOw
864491,Terica,Finney,Small organization,F,24,6,terica.finney@cox.net,y]+z%kKy4l2xm
771200,Jae,Nowlin,Big Organization,M,37,10,jae.nowlin@gmail.com,tuKPlXzL&Sm
541253,Jame,Marchand,Academic purpose,M,15,1,jame.marchand@aol.com,z@[WRPxk
704999,Larisa,Baines,Small organization,F,25,6,larisa.baines@gmail.com,j!51z?kF+Vvk
847603,Delsie,Rees,Academic purpose,F,16,1,delsie.rees@msn.com,Q44\xbIEN8/
462706,Janna,Spooner,Small organization,F,26,6,janna.spooner@aol.com,LH#X1s.nR
988654,Harvey,Novotny,Academic purpose,M,17,3,harvey.novotny@hotmail.com,W3rZ_J7clGwpCln
130373,Muriel,Capps,Big Organization,F,50,10,muriel.capps@exxonmobil.com,RIF?vY7RF
490970,Emelina,Bright,Big Organization,F,32,10,emelina.bright@gmail.com,fq_XxUDiTXpa#
885253,Nida,Christ,Gaming Purpose,F,21,10,nida.christ@yahoo.com,T8@jfGjCiN
996402,Margareta,Knotts,Academic purpose,F,18,1,margareta.knotts@yahoo.com,zrtuL<6CgI8q
947623,Michelle,Watters,Small organization,F,27,6,michelle.watters@gmail.com,PNJiea:*Fu_O&/y
184402,Ferdinand,Kuhn,Gaming Purpose,M,22,10,ferdinand.kuhn@gmail.com,8zV0#IK9
924964,Muoi,Robertson,Big Organization,F,53,10,muoi.robertson@microsoft.com,oa-z?I8qPSq
183909,Yasuko,Ledford,Small Organization,F,28,6,yasuko.ledford@gmail.com,Qm?J*AxEn>|
354069,Christopher,Montez,Small Organization,F,29,10,christopher.montez@verizon.net,RmG#II]$q*9Uog
613719,Scott,Lassiter,Small organization,M,30,6,scott.lassiter@hotmail.com,t\R-zB>|yh
357718,Johnathon,Beltran,Big Organization,M,50,10,johnathon.beltran@yahoo.com,J9w-R>N/*kRC
834650,Scarlett,Valle,Big Organization,F,49,10,scarlett.valle@gmail.com,dAzS}hEIM7c
888177,Ta,Yarborough,Big Organization,F,48,10,ta.yarborough@hotmail.co.uk,Crc?G\SI&
663522,Nathanial,Weldon,Small organization,M,31,6,nathanial.weldon@yahoo.com,Ps0D1>?|E+?G
807484,Jamel,Schweitzer,Personal Use,M,22,5,jamel.schweitzer@gmail.com,w0:II{K%w
576715,Gracia,Roldan,Academic purpose,F,19,1,gracia.roldan@earthlink.net,L+sjo3*JCz3Rl?
387891,Sheri,Ridley,Small organization,F,32,6,sheri.ridley@gmail.com,Pk3^Gosxx7G~
875533,Heriberto,Spearman,Big Organization,M,30,10,heriberto.spearman@aol.com,7C{L<42^R4
704654,Ellsworth,Rhyne,Big Organization,M,32,10,ellsworth.rhyne@outlook.com,I:_B_1ob3sE[r
396706,Waldo,Breen,Personal Use,M,23,3,waldo.breen@gmail.com,4y~.LG_gJKd
837859,Isreal,Holliman,Gaming Purpose,M,23,10,isreal.holliman@shell.com,x6k#rAiH
906924,Leana,Fowler,Big Organization,F,54,10,leana.fowler@apple.com,UwXGs2T2F7g{K
244379,Boyd,Osburn,Small organization,M,33,6,boyd.osburn@hotmail.com,0!JkW432%v
431394,Les,Blocker,Academic purpose,M,20,1,les.blocker@cox.net,m3\T\u*S.*fq
549982,Daren,Broadnax,Personal Use,M,24,3,daren.broadnax@aol.com,v3+t%i!Y9ISF
766429,Tyler,Broughton,Small organization,F,34,6,tyler.broughton@gmail.com,R3ffL7VbY
344898,Russel,Bostic,Small organization,M,35,2,russel.bostic@yahoo.com,c7DiEb-{u/T
426061,Johnnie,Janssen,Big Organization,M,41,10,johnnie.janssen@hotmail.com,oy~sQ<2s
788422,Gaylene,Pearce,Academic purpose,F,21,1,gaylene.pearce@bp.com,TuOyzg!W
494903,Chi,Cho,Small organization,M,36,10,chi.cho@microsoft.com,SbwaUe-gV072O
939209,Erich,Fullerton,Small organization,M,37,2,erich.fullerton@gmail.com,gMb.|LXeY}-
415047,Gladis,Harless,Big Organization,F,54,10,gladis.harless@yahoo.co.uk,l$Dm4zbFR
172373,Karly,Jacob,Small Organization,F,38,2,karly.jacob@yahoo.ca,F-b#4j%5ZBw
956982,Lise,Breen,Academic purpose,F,22,4,lise.breen@gmail.com,j_.sFWG$
377842,Bong,Wilmoth,Small organization,F,39,2,bong.wilmoth@walmart.com,T56GQt%mP6
735648,Sherika,Gordon,Big Organization,F,57,10,sherika.gordon@gmail.com,Aqg&]SGCgNi
856621,Geraldo,Curry,Small Organization,M,40,2,geraldo.curry@hotmail.com,6oACqw<%wt3HEy
410532,Shakita,Hargis,Big Organization,F,41,10,shakita.hargis@btinternet.com,X%H8cLMS/[[L-
387199,Patrice,Hickson,Academic purpose,F,23,2,patrice.hickson@gmail.com,sbXc%\pp
486442,Marvis,Cisneros,Big Organization,F,39,10,marvis.cisneros@gmail.com,u>v5amJgLsRlO
712096,Sherrie,Switzer,Gaming Purpose,F,24,10,sherrie.switzer@hotmail.com,Qp9hxns6#JMhi
187207,Wilhemina,Clay,Small Organization,F,19,2,wilhemina.clay@exxonmobil.com,Z5RGB!ah7v9G~
583435,Rosario,Mcmaster,Academic purpose,M,24,2,rosario.mcmaster@yahoo.com,c%^YF/g.*OT_sz
652292,Ned,Adkins,Big Organization,M,39,10,ned.adkins@aol.com,j@{?gAsptoTY\J
839764,Mabel,Waite,Big Organization,F,37,10,mabel.waite@gmail.com,Azdw~eZxdzb?E
817441,Lucilla,Perrin,Small Organization,F,20,2,lucilla.perrin@walmart.com,QRJU%9*7%4ClIaZ
319686,Modesta,Wicker,Small organization,F,21,2,modesta.wicker@gmail.com,P5RRm8EGV7{.
340456,Kenneth,Jackson,Academic purpose,M,25,2,kenneth.jackson@hotmail.com,lw\yV%c4]8*aA
862292,Shara,Livingston,Small Organization,F,22,2,shara.livingston@gmail.com,mFX1F49Ps
155455,Ethyl,Olivas,Big Organization,F,38,11,ethyl.olivas@aol.com,fp<H9C4E
755512,Ozie,Barrientos,Academic purpose,F,13,2,ozie.barrientos@gmail.com,jBo\tJmRL3sDj
350036,Apryl,Sparkman,Gaming Purpose,F,25,5,apryl.sparkman@gmail.com,RuY1QH@rz
660160,Dorsey,Heilman,Small organization,M,23,2,dorsey.heilman@hotmail.com,s5v~Or$x_yR
615367,Theo,Posey,Gaming Purpose,M,15,5,theo.posey@aol.com,nN^3-VTzWa
926340,Tracy,Adkins,Small Organization,M,24,3,tracy.adkins@yahoo.com,cG0Ev:v4
741414,Alberto,Herrick,Personal Use,M,25,3,alberto.herrick@bellsouth.net,LqA$<HScOkMfn/U
552215,Rick,Bedard,Gaming Purpose,M,14,5,rick.bedard@yahoo.com,a*j7_Ama_1
629523,Jake,Dahl,Big Organization,M,33,11,jake.dahl@gmail.com,Yal%C}89<*{
257355,Giuseppina,Buffington,Small organization,F,25,2,giuseppina.buffington@hotmail.com,8!lm?L6%W6
405704,Adolfo,Bruner,Big Organization,M,35,11,adolfo.bruner@aol.com,hfY^Xpj.?0#3
809563,Majorie,Loya,Gaming Purpose,F,13,5,majorie.loya@btinternet.com,2IM12%&&l
551274,Lela,Rudd,Big Organization,F,42,11,lela.rudd@outlook.com,K%dNJpJ@E9/|
410721,Everett,Higgins,Gaming Purpose,M,15,5,everett.higgins@verizon.net,9Yss6oIV&T9#
411970,Nestor,Dabney,Big Organization,M,43,11,nestor.dabney@gmail.com,SoSXU.%MA
502786,Clarice,Winters,Small Organization,F,26,2,clarice.winters@hotmail.co.uk,5O~wvc]Rigve
779981,Humberto,Toler,Small Organization,M,27,2,humberto.toler@shell.com,ncK3}C>>V1Jb
243913,Fredrick,Settle,Gaming Purpose,M,16,5,fredrick.settle@yahoo.co.in,n9/FmEcAa}
465563,Amira,Worrell,Academic purpose,F,14,2,amira.worrell@gmail.com,pGWxQs2UW!s8
126947,Tonda,Proctor,Small Organization,F,28,3,tonda.proctor@yahoo.co.in,s5a^s~f?s?K6
997123,Sal,Flynn,Big Organization,M,53,11,sal.flynn@msn.com,cQB:_8S|
768053,Melissa,Crooks,Small organization,F,29,2,melissa.crooks@yahoo.com,2]RP~[*oQqQk
922004,Rocio,Oakes,Big Organization,F,35,12,rocio.oakes@msn.com,x.aKUWkNS2jg
893257,Margaret,Grover,Big Organization,F,37,12,margaret.grover@aol.com,y-?{r-7~m
513516,Mahalia,Sturm,Academic purpose,F,15,2,mahalia.sturm@yahoo.co.in,6y!8>O_j@lM
550688,Eliz,Dietz,Big Organization,F,38,12,eliz.dietz@gmail.com,2uwYEeE\Y
578658,Irving,Blake,Small organization,M,30,2,irving.blake@outlook.com,R~r>0aPpo1{{
687401,Rich,Mcclendon,Small Organization,M,31,3,rich.mcclendon@gmail.com,mNf1V.C]
616542,Elden,Daniels,Big Organization,M,37,12,elden.daniels@rediffmail.com,nVGgGM%{@c@$pp
229674,Cameron,Michaels,Big Organization,M,48,12,cameron.michaels@gmail.com,qdK2!AjJip40B
910839,Bert,Stegall,Big Organization,M,41,12,bert.stegall@yahoo.com,h&Arl+S<[G
916771,Mittie,Folk,Gaming Purpose,F,17,5,mittie.folk@gmail.com,DE8IbrbinxT!
917366,Lupe,Cummings,Big Organization,F,32,12,lupe.cummings@charter.net,Zs?*].Ep6
138184,Darren,Poole,Gaming Purpose,M,18,5,darren.poole@gmail.com,e34.</K$tKmN&
752368,Jamaal,Cummins,Small Organization,M,32,3,jamaal.cummins@gmail.com,di-0F-T^zd7bH3T
246567,Roger,Braxton,Small Organization,M,33,3,roger.braxton@cox.net,hfSz%M[eBIuJei
364826,Timika,Brice,Small organization,F,34,3,timika.brice@exxonmobil.com,x-PhoG?d!4Jp8
818588,Lazaro,Royer,Academic purpose,M,16,2,lazaro.royer@bp.com,S*V3Ud/hPXK8]f
976130,Latasha,Blevins,Small Organization,F,34,3,latasha.blevins@yahoo.ca,T4uQ~6e1\
113693,Felton,Nail,Small organization,M,35,3,felton.nail@hotmail.com,l/g[7Z+u{
259326,Jeff,Helm,Gaming Purpose,M,19,5,jeff.helm@gmail.com,xYeICg[C87j3
203015,Peter,Amos,Big Organization,M,35,12,peter.amos@gmail.com,imXoss$&wss9+1
507960,Alesia,Coward,Small organization,F,35,3,alesia.coward@aol.com,qsgyR%\Ijx1
685086,Enedina,Fair,Big Organization,F,36,12,enedina.fair@gmail.com,EG&Mh0H_
377827,Wyatt,Mccants,Gaming Purpose,M,20,4,wyatt.mccants@yahoo.com,O|CN~.!9kFmT7/]
793908,Raleigh,Rainey,Big Organization,M,37,12,raleigh.rainey@aol.com,Jo%jh&~vP
562756,Penney,Temple,Small organization,F,35,3,penney.temple@gmail.com,zeg]<wQ#n6l
593831,Homer,Burk,Small Organization,M,36,3,homer.burk@walmart.com,YuaEFF6R3Q
654413,Catrice,Tolbert,Personal Use,F,26,1,catrice.tolbert@shell.com,eu|VrhiSYCKZ
177908,Elisha,Zink,Big Organization,M,38,12,elisha.zink@gmail.com,GGy-}ifcNNh
213923,Rufus,Hinojosa,Academic purpose,M,17,1,rufus.hinojosa@gmail.com,5Ls5~7zj3F8:/rb
453046,Efrain,Kahn,Gaming Purpose,M,21,4,efrain.kahn@gmail.com,8somFKW~3F8s
416395,Cliff,Corrigan,Small Organization,M,37,3,cliff.corrigan@rediffmail.com,E-20HCA]]w5!+WW
428638,Hal,Mccormick,Personal Use,M,27,1,hal.mccormick@yahoo.ca,TU%m}:&YV:i[le
185040,Elena,Yang,Personal Use,F,28,1,elena.yang@gmail.com,yV{$q^fF^s{lx
369773,Frederick,Carbone,Personal Use,M,29,1,frederick.carbone@walmart.com,kA<:X1ZT3u
509313,Laurena,Marcus,Small Organization,F,36,3,laurena.marcus@gmail.com,44.MgpVy#]9
842810,Everette,Dailey,Big Organization,M,39,13,everette.dailey@hotmail.com,KM$t~c.hsX\
641526,Londa,Newby,Gaming Purpose,F,22,4,londa.newby@gmail.com,O6Vkf1PB5V
347756,Claudio,Montgomery,Academic purpose,M,18,1,claudio.montgomery@yahoo.com,k>iv<ug.pnSCmb
310825,Elliot,Templeton,Small organization,M,35,3,elliot.templeton@aol.com,D+v&L8GG+RA&II\
676338,Carissa,Dalton,Small Organization,F,32,3,carissa.dalton@microsoft.com,h>es#xrm
982306,Ammie,Hudspeth,Gaming Purpose,F,23,4,ammie.hudspeth@hotmail.com,jtxe/*moYh<2ik
912439,Manuel,Brim,Academic purpose,M,19,1,manuel.brim@gmail.com,lS~n^{|6z
300153,Denice,Cornejo,Small Organization,F,32,3,denice.cornejo@gmail.com,zM~/@1?nP
324892,Raleigh,Soriano,Big Organization,M,40,13,raleigh.soriano@outlook.com,X-BzJsH#O[g7!/
742590,September,Jorgensen,Big Organization,F,41,13,september.jorgensen@yahoo.com,W]G:\9cW+2j
402636,Harry,Emanuel,Gaming Purpose,M,24,4,harry.emanuel@gmail.com,9v|VfPz?]
405301,Orval,Velasco,Academic purpose,M,20,1,orval.velasco@apple.com,D@V:vHF.Y8!u
948900,Kelle,Brenner,Academic purpose,F,21,1,kelle.brenner@yahoo.com,SN@mnD[dL:ZGil
718875,Evelia,Kimmel,Small organization,F,32,3,evelia.kimmel@hotmail.com,zGJox{A5
484415,Chong,Hackett,Small Organization,M,32,3,chong.hackett@gmail.com,m%vqu\-5@6.B
350283,Deshawn,Clegg,Personal Use,M,30,5,deshawn.clegg@gmail.com,QQc<5tl?ezSsLR
765212,Estelle,Kingsley,Big Organization,F,42,13,estelle.kingsley@gmail.com,Kb:d6IeW
760606,Asa,Mckee,Personal Use,M,31,1,asa.mckee@yahoo.com,H*kpmWAzcKELa
331661,Wanetta,Batson,Gaming Purpose,F,25,4,wanetta.batson@hotmail.com,dy>t-NQaNy$w
224563,Dudley,Hammer,Gaming Purpose,M,26,4,dudley.hammer@charter.net,8>&P~T%S
449882,Leonel,Romero,Big Organization,M,43,13,leonel.romero@earthlink.net,ze_nHXzN
450738,Dirk,Rountree,Big Organization,M,44,13,dirk.rountree@hotmail.com,9_tR![wiiK!
806622,Travis,Lovelace,Academic purpose,M,22,2,travis.lovelace@bp.com,0$wW@!z-$iX
385833,Ray,Bender,Big Organization,M,33,14,ray.bender@earthlink.net,Z+h@:ldG
763163,Craig,Morley,Academic purpose,M,23,2,craig.morley@gmail.com,Dxi84*?p5WzSS7m
897397,Billi,Earls,Small Organization,F,21,3,billi.earls@gmail.com,d3#5o^MAi#wk
862696,Loraine,Bowie,Big Organization,F,40,15,loraine.bowie@gmail.com,uN<Vh5cXp
696128,Christopher,Mendes,Gaming Purpose,M,27,4,christopher.mendes@hotmail.com,O|MqnZHj
396732,Sanford,Beaudry,Personal Use,M,32,1,sanford.beaudry@yahoo.ca,rYcJaox~u&
525550,Felipa,Neff,Academic purpose,F,24,2,felipa.neff@gmail.com,v2Rpa~Br5^1Y+k
391646,Rocky,Collado,Small Organization,M,21,3,rocky.collado@btinternet.com,m7yV|%p&
869042,Tara,Needham,Gaming Purpose,F,28,4,tara.needham@yahoo.co.uk,3^Wa\jsVIs7f+y
265358,Elton,Willoughby,Academic purpose,M,25,2,elton.willoughby@gmail.com,WO-v#J_aG}[Ay
868673,Rey,Simons,Academic purpose,M,26,2,rey.simons@btinternet.com,G[oaisr/
626383,Blair,Kaufman,Big Organization,F,30,15,blair.kaufman@yahoo.com,LLrhe6{T6IG~
150291,Eduardo,Riddick,Small organization,M,23,3,eduardo.riddick@gmail.com,fRi{#aZ>W
909677,Shaun,Arias,Big Organization,M,48,15,shaun.arias@ntlworld.com,gSg7_zFvq!T43
138191,Lanora,Phifer,Personal Use,F,33,1,lanora.phifer@gmail.com,FZGiiyj8q1Q4A1
321519,Suellen,Denman,Personal Use,F,34,1,suellen.denman@gmail.com,qDk7HY?2/cy\s:
776039,Nancey,Bond,Big Organization,F,47,15,nancey.bond@yahoo.com,V|jm3X_i]>Xns
121192,Eusebio,Copley,Small Organization,M,23,3,eusebio.copley@hotmail.com,h#6*m7fk!yRD%
348481,Lan,Boyd,Small organization,F,24,3,lan.boyd@bellsouth.net,L2Kj&>aeg%~
156143,Terry,Eckert,Small Organization,M,23,3,terry.eckert@hotmail.com,B*%U/2txYST@b
986792,Demetrius,Desjardins,Small Organization,M,24,3,demetrius.desjardins@verizon.net,Gc:2ck~#z._
567275,Meaghan,Fortney,Big Organization,F,34,15,meaghan.fortney@apple.com,T!Pybfi7ymZ
441872,Pedro,Terrill,Small Organization,M,24,3,pedro.terrill@hotmail.com,Nk*3{]C[b/
247716,Adam,Cassell,Personal Use,M,34,1,adam.cassell@gmail.com,7K&Y?RdPj:W3:Gd
707951,Tomiko,Sands,Small organization,F,24,3,tomiko.sands@msn.com,T5IWqHrVz
749500,Joseph,Goss,Academic purpose,M,12,2,joseph.goss@yahoo.com,t&nt/{SM
302532,Roberto,Saylor,Gaming Purpose,M,29,4,roberto.saylor@yahoo.com,ESeC&s<|Be\U:
554841,Peggy,Dionne,Personal Use,F,35,1,peggy.dionne@aol.com,C91hSJo5
341481,Glynis,Harvey,Big Organization,F,53,15,glynis.harvey@gmail.com,Hk\r+EK3PI
406419,August,Barrera,Small Organization,M,24,3,august.barrera@hotmail.com,98d]tFzZ>PO:
548138,Fallon,Maggard,Big Organization,F,33,15,fallon.maggard@hotmail.com,DV0c5+~y\
613380,Hildegarde,Anthony,Academic purpose,F,13,2,hildegarde.anthony@yahoo.com,4\?A:TGfM
668685,Brenton,Lund,Big Organization,M,53,15,brenton.lund@hotmail.com,dZBYmGk{&A
805231,Tomika,Jerome,Big Organization,F,39,15,tomika.jerome@gmail.com,wimH}]hiM
765983,Colby,Hicks,Big Organization,M,35,15,colby.hicks@aol.com,S7TOk.2:x{pB8FL
383673,Len,Arce,Personal Use,M,36,1,len.arce@gmail.com,tzPz5BU}piK_/
308543,Garry,Dejesus,Academic purpose,M,14,2,garry.dejesus@gmail.com,v\S_/sg[Rx>
811224,Julius,Williamson,Big Organization,M,58,15,julius.williamson@yahoo.com,DH2mzQ_%D{@DuX
637979,Amber,Heck,Academic purpose,F,15,2,amber.heck@aol.com,xD!*rVFFxw>
431097,Porter,Tharp,Academic purpose,M,16,2,porter.tharp@hotmail.co.uk,V5hQQyn7>8]
509371,Mollie,Boykin,Personal Use,F,37,1,mollie.boykin@aol.com,kZ#|L{t8+?q~IWX
290554,Gregory,Stroud,Small Organization,M,24,3,gregory.stroud@apple.com,yOCT>47d
398989,Edgardo,Tuck,Small Organization,M,35,3,edgardo.tuck@gmail.com,NWlXqwqqxNS$CG
551061,Teressa,Clemons,Small Organization,F,25,3,teressa.clemons@walmart.com,v<uRt_}z|2vYp
384939,Zenaida,Cavazos,Small organization,F,25,3,zenaida.cavazos@gmail.com,DxxXPxTzfLOJe5L
179692,Stephani,Sowell,Big Organization,F,57,15,stephani.sowell@gmail.com,zEDJ%\smd/3%Q-
628495,Len,Boyles,Big Organization,M,39,15,len.boyles@verizon.net,m]/4i>FsU8M6dL#
394010,Kareem,Santos,Big Organization,M,55,15,kareem.santos@earthlink.net,3%AU35SJ*j&d^
372801,Raymond,Jernigan,Big Organization,M,37,15,raymond.jernigan@cox.net,WK:w~XxR78NXbNq
999307,Daryl,Treadwell,Academic purpose,M,17,1,daryl.treadwell@verizon.net,8Wq?HZS[MhF
486707,Sol,Sams,Small Organization,M,21,3,sol.sams@aol.com,H[f0P0Kf>7kL
312646,Thomas,Rhoden,Big Organization,M,38,15,thomas.rhoden@aol.com,nXf+O^n8Br\H
581520,Emmitt,Montague,Academic purpose,M,18,1,emmitt.montague@aol.com,eudbJ\d$A
701494,Jarvis,Holliman,Personal Use,M,38,1,jarvis.holliman@sbcglobal.net,r!P7W35SrZ
617343,Candida,Connors,Small organization,F,22,3,candida.connors@gmail.com,L\GpBngM3g+
653595,Shanita,Tilton,Gaming Purpose,F,20,4,shanita.tilton@hotmail.com,TYFNWeC4-P
248995,Fredia,Chism,Gaming Purpose,F,30,4,fredia.chism@yahoo.ca,HT~j.3/\V0^>h~4
739214,Ivey,Thorp,Small Organization,F,23,3,ivey.thorp@cox.net,DvtTHtEyc?EzkHE
939293,Patrick,Dominquez,Gaming Purpose,M,15,4,patrick.dominquez@gmail.com,j}X$|#fPON
382405,Latrina,Calderon,Small organization,F,24,3,latrina.calderon@gmail.com,D2&Ot?q30q31
978581,Rae,Dodge,Small Organization,F,25,3,rae.dodge@gmail.com,Pj#z$3oo:RIq<7<
802411,Aracely,Ashby,Academic purpose,F,19,1,aracely.ashby@hotmail.com,SXZ|s]]+\]
438290,Roxana,Medeiros,Small organization,F,26,3,roxana.medeiros@yahoo.com,Z<]7O_~\
375215,Bernardina,Beatty,Academic purpose,F,20,2,bernardina.beatty@gmail.com,JWtUkNnkOKRY:D+
419637,Gaston,Coyle,Big Organization,M,55,15,gaston.coyle@gmail.com,WhmwR7D]x:<dyT:
887447,Annemarie,Fair,Big Organization,F,33,15,annemarie.fair@outlook.com,Mf@1Uv1p{:IPCrx
736349,Tangela,Speight,Big Organization,F,56,15,tangela.speight@bp.com,CDXG+frFZ
710423,Margorie,Pace,Gaming Purpose,F,16,4,margorie.pace@rediffmail.com,s<ALjb_dnW1
392529,Cornelius,Mcvey,Gaming Purpose,M,17,4,cornelius.mcvey@exxonmobil.com,JbG:@n%UMr
922113,Wiley,Phifer,Gaming Purpose,M,18,4,wiley.phifer@earthlink.net,HML?IL|:WJ.SdZ8
994548,Nettie,Peck,Small Organization,F,27,3,nettie.peck@gmail.com,AZS-b@A8C/*3
849237,Faustino,Levy,Big Organization,M,43,10,faustino.levy@charter.net,l9lXcY1h:E}lMX
124742,Shiela,Leggett,Academic purpose,F,21,1,shiela.leggett@aol.com,Tf7JiI3-@e8
612842,Rosaria,Caraway,Gaming Purpose,F,19,4,rosaria.caraway@hotmail.com,noORxAEsF1{.Won
149140,Liz,Harness,Gaming Purpose,F,20,4,liz.harness@yahoo.ca,d5]2+y36|
927344,Johanne,Pederson,Academic purpose,F,22,1,johanne.pederson@apple.com,godn:tJ!J~QY*n
375880,Frank,Mcnabb,Small Organization,F,28,3,frank.mcnabb@verizon.net,D@yqtewvF}Zbet
403048,Giovanni,Carrion,Small organization,M,29,3,giovanni.carrion@earthlink.net,7retp[HQ<~
258773,Stanton,Araujo,Big Organization,M,31,7,stanton.araujo@gmail.com,t<@5}<-oqK@7KZ
602135,Merlin,Kendrick,Personal Use,M,39,1,merlin.kendrick@hotmail.com,g]JmgE\&40Z|a?
673774,Mica,Saavedra,Academic purpose,F,23,1,mica.saavedra@comcast.net,65C395%ypw
875902,Yaeko,Lemay,Personal Use,F,40,1,yaeko.lemay@yahoo.com,M293bBD}T
296157,Scot,Alicea,Gaming Purpose,M,21,4,scot.alicea@shell.com,1s^<c:8vFq
788810,Zackary,Wingfield,Small Organization,M,30,3,zackary.wingfield@microsoft.com,lxMHkKPlXu*uV@/
328375,Whitney,Homan,Big Organization,F,45,7,whitney.homan@msn.com,h]Q&Kw?32GM
601554,America,Moyer,Small Organization,F,31,3,america.moyer@bellsouth.net,Dh7F-%rO<ZqxGuU
828621,Roberto,Furr,Big Organization,F,39,7,roberto.furr@charter.net,sYH8Vs-Uo^xlP
285385,Alfred,Strother,Academic purpose,M,24,1,alfred.strother@gmail.com,81N[B6DxmxWs+Z
556750,Daniele,Hodges,Small organization,F,32,3,daniele.hodges@hotmail.com,B|w7$|*:K$tFLx
428798,Alonzo,Mcknight,Small Organization,M,32,3,alonzo.mcknight@hotmail.com,PW/u/Bj#<\
920890,Altha,Ashcraft,Small organization,F,34,3,altha.ashcraft@yahoo.com,nn:9aB{1PP_$Uz
619908,Rodrigo,Hannan,Personal Use,M,12,1,rodrigo.hannan@ibm.com,Ix@Ts.O9-o$ljL
608086,Maximina,Aiken,Gaming Purpose,F,22,4,maximina.aiken@apple.com,958FsYKbca#O
887855,Eboni,Rosen,Big Organization,F,32,8,eboni.rosen@gmail.com,T-rb~etsbfmMG:
593416,Ellena,Jobe,Gaming Purpose,F,23,4,ellena.jobe@aol.com,6D8.Szl|2W$w
453240,Gaston,Silvers,Small organization,M,33,3,gaston.silvers@apple.com,QJK|\@:Et{Nc>
333131,Ronny,Regan,Gaming Purpose,M,24,4,ronny.regan@gmail.com,a-~1EKsJo7u+
704255,Humberto,Toro,Academic purpose,M,25,1,humberto.toro@aol.com,U7]Avn_lmPgO-m
836272,Lai,Byrnes,Small Organization,F,33,3,lai.byrnes@comcast.net,p%yAAw//#t2
870724,Samatha,Underhill,Big Organization,F,36,8,samatha.underhill@gmail.com,H5aPTu}!M#\4
309197,Gayla,Scoggins,Small Organization,F,33,3,gayla.scoggins@gmail.com,8A7Isn/J4Mu
868288,Nelle,Shockley,Big Organization,F,53,8,nelle.shockley@gmail.com,PlsV}$[D0m
289702,Emory,Windsor,Big Organization,M,30,8,emory.windsor@hotmail.com,b#Rr\E3d.
229399,Dewitt,Burns,Academic purpose,M,26,1,dewitt.burns@earthlink.net,CT^D@*9I
409602,Ethan,Marlowe,Gaming Purpose,M,25,4,ethan.marlowe@gmail.com,oJy.>WIsJs
926666,Lala,Montero,Academic purpose,F,27,1,lala.montero@shell.com,jQe^wskv!P0r}
146904,Cathie,Dietz,Small organization,F,34,3,cathie.dietz@gmail.com,oSYH_4/t&w_
783011,Olinda,Roby,Big Organization,F,35,8,olinda.roby@gmail.com,IhgcEb0&H
373115,Jackie,Esposito,Gaming Purpose,M,26,4,jackie.esposito@yahoo.com,r5uY#Hl-.R!
829747,Willian,Hogg,Personal Use,M,13,1,willian.hogg@gmail.com,dp>eGj8%Z!B!
390136,Pearly,Stafford,Personal Use,F,14,1,pearly.stafford@gmail.com,Ok@aL>[0MW
418115,Hugh,Ybarra,Big Organization,M,45,8,hugh.ybarra@msn.com,mmC~BN00&Xsw
595624,Benton,Steed,Academic purpose,M,18,1,benton.steed@aol.com,WP_Q<3\hoNm^
334312,Willian,Osteen,Small organization,M,34,3,willian.osteen@walmart.com,h\xQGs5o|@nxq<s
693498,Stephaine,Harlan,Personal Use,F,15,1,stephaine.harlan@ntlworld.com,1.8oJ_n~zMzQ1v@
612413,Kortney,Tabor,Gaming Purpose,F,27,4,kortney.tabor@gmail.com,dGz7{?4~>xQ:
477357,Roxanne,Mcdaniels,Gaming Purpose,F,15,4,roxanne.mcdaniels@yahoo.com,v/#W#5n&^iCesb
406344,Cyndy,Goldsmith,Big Organization,F,54,8,cyndy.goldsmith@yahoo.com,3vu<M#9/4O86
659040,Judson,Comer,Personal Use,M,16,1,judson.comer@aol.com,aFfYFQBgBV5<b
393086,Toccara,Stinnett,Personal Use,F,17,1,toccara.stinnett@hotmail.co.uk,I9>ypYB*gd8Wp5
547881,Elijah,Tolley,Personal Use,M,18,1,elijah.tolley@rediffmail.com,u/C2@].aHl
401585,Dusti,Weaver,Big Organization,F,35,8,dusti.weaver@gmail.com,uFZsM}{db
275099,Bud,Beaulieu,Big Organization,M,51,8,bud.beaulieu@yahoo.com,w.Y_*2+[y
295128,Jewel,Sumpter,Small Organization,M,35,3,jewel.sumpter@gmail.com,LgkV<?mjMn
368884,Tonette,Mccurry,Personal Use,F,19,1,tonette.mccurry@gmail.com,RMn[mCaa>iY\
801641,Maxwell,Hallman,Big Organization,M,44,9,maxwell.hallman@aol.com,oqy}g4o:I
596849,Tamekia,Sheldon,Academic purpose,F,19,1,tamekia.sheldon@aol.com,KirM?H:CbGz
319677,Junita,Race,Small organization,F,35,3,junita.race@hotmail.com,v}>Lds95-<Imc+?
214725,Kirstie,Mckee,Big Organization,F,37,9,kirstie.mckee@gmail.com,TW~f*@N$%eCN-}W
838989,Raymon,Cromwell,Gaming Purpose,M,16,6,raymon.cromwell@gmail.com,86g?P^SKh^vAKq
204641,Gertha,Temple,Small Organization,F,35,3,gertha.temple@hotmail.com,Z_%rEfHt!-Ggc2
781241,Virgilio,Phillip,Small Organization,M,35,3,virgilio.phillip@btinternet.com,284Nw4#$p~
308548,Lieselotte,Moorman,Gaming Purpose,F,17,6,lieselotte.moorman@gmail.com,W.rsX1yY8U^
788639,Oda,Walden,Gaming Purpose,F,18,6,oda.walden@gmail.com,PpJm3u20s_9z2TS
773441,Sammie,Weiner,Academic purpose,M,20,2,sammie.weiner@hotmail.com,kDf<$2F![
710473,Kraig,Cazares,Big Organization,M,45,9,kraig.cazares@charter.net,v45br1L|
280616,Booker,Cotton,Gaming Purpose,M,19,6,booker.cotton@gmail.com,yl{$uFC:*Oc-A/
926471,Daron,Loving,Gaming Purpose,M,20,6,daron.loving@gmail.com,bnhNBN>Zed/>>
420058,Ronnie,Boyd,Academic purpose,M,21,3,ronnie.boyd@gmail.com,BvgXlN++Z&ldx
923618,Cruz,Bear,Small Organization,F,35,3,cruz.bear@gmail.com,xM~<&Gf01MweM4:
626643,Luella,Underwood,Gaming Purpose,F,21,6,luella.underwood@exxonmobil.com,qRQ6iW+?
709787,Hedwig,Halsey,Academic purpose,F,22,2,hedwig.halsey@outlook.com,e6^1|zFMc$LDF
605917,Arvilla,Bethea,Big Organization,F,39,9,arvilla.bethea@gmail.com,m&j.bUGY}iNE-|y
203063,Mikki,Ulrich,Big Organization,F,40,9,mikki.ulrich@gmail.com,m0iIFCPsS4OAp&
832795,Osvaldo,Courtney,Gaming Purpose,M,22,6,osvaldo.courtney@aol.com,gLAs3nGm
846758,Meta,Beckett,Small Organization,F,35,3,meta.beckett@gmail.com,Q>\<Z!2}@oI
817618,Dedra,Pendergrass,Academic purpose,F,23,3,dedra.pendergrass@gmail.com,ZzPpTTmE!gz!
589012,Lynetta,Goldberg,Academic purpose,F,24,3,lynetta.goldberg@comcast.net,Vfnk{s:A|L4
389576,Sharice,Mathias,Big Organization,F,44,9,sharice.mathias@microsoft.com,wS:#_H]\V[0
254755,Hilton,Krause,Small Organization,M,35,3,hilton.krause@hotmail.com,KQ69BdjF7owW
580822,Leroy,Leach,Personal Use,M,20,1,leroy.leach@gmail.com,x-chw4|/[Zq
448922,Joann,Easton,Small Organization,F,20,3,joann.easton@hotmail.com,CpHkUH%H-d@
916834,Santiago,Dolan,Big Organization,M,52,9,santiago.dolan@gmail.com,lVGZX#m27\}8
352019,Rebekah,Bivins,Gaming Purpose,F,23,6,rebekah.bivins@aol.com,K|QUUBjcw@dK?y
807476,Magen,Craddock,Academic purpose,F,25,2,magen.craddock@ibm.com,Wu263C3a5ET
213620,Emmaline,Orton,Personal Use,F,21,1,emmaline.orton@gmail.com,NAGC2ufdQ\w1S
510975,Evangelina,Collins,Small organization,F,21,3,evangelina.collins@walmart.com,YDKlAzVe]sA!AP
682658,Jonah,Nesbitt,Big Organization,M,33,9,jonah.nesbitt@hotmail.com,4E#mrCT{J^1Zmp
920812,Lloyd,Faulkner,Personal Use,M,22,1,lloyd.faulkner@hotmail.com,s<jeL6\NZwq
335636,Joel,Burleson,Personal Use,M,23,1,joel.burleson@gmail.com,fbTUYpz5
758862,Alisia,Couture,Academic purpose,F,26,3,alisia.couture@outlook.com,7}?Csjv*F
986092,Jacinda,Thorp,Gaming Purpose,F,34,6,jacinda.thorp@yahoo.com,f@[ErF8KP
647012,Barabara,Gabbard,Gaming Purpose,F,25,6,barabara.gabbard@yahoo.ca,NuG^QO7s/}
358642,Carmen,Stafford,Small organization,M,22,3,carmen.stafford@gmail.com,E>U7fFH|+-Zl
640581,Lowell,Spicer,Big Organization,M,55,9,lowell.spicer@gmail.com,Xp:kQs~p{5*
822054,Rudolf,Ramirez,Big Organization,M,59,9,rudolf.ramirez@exxonmobil.com,zxQp}kKlij#0!
251321,Shaunta,Westbrook,Big Organization,F,34,9,shaunta.westbrook@yahoo.com,Y|eHgWIw\1C
875792,Dewayne,Lewis,Big Organization,M,38,9,dewayne.lewis@aol.com,mTekCrhiO[
432229,King,Stjohn,Personal Use,M,24,1,king.stjohn@sbcglobal.net,tB\f~NE9
306701,Xuan,Spicer,Academic purpose,F,27,3,xuan.spicer@aol.com,Y?g@O3Mv2%Qo\
996381,Marni,Tirado,Small Organization,F,23,3,marni.tirado@shaw.ca,OydS@jm7cvx~}}
376941,Lawanda,Jaime,Big Organization,F,35,9,lawanda.jaime@hotmail.com,SjiaBw/>f!@
497576,Gilberto,Allison,Big Organization,M,36,9,gilberto.allison@gmail.com,BwH9DV@/P*NeeZ
182058,Yuette,Pollard,Gaming Purpose,F,26,6,yuette.pollard@ntlworld.com,s?p0gh8nIM^c
489450,Chelsie,Sisco,Academic purpose,F,28,2,chelsie.sisco@gmail.com,oaW9Y_p\3Tzi{
318089,Aurelio,Lamar,Gaming Purpose,M,27,6,aurelio.lamar@gmail.com,s$GW.M2^~c
301953,Carl,Delong,Small Organization,M,23,3,carl.delong@microsoft.com,pVehvpXVhqog%!v
329907,Shanna,Volz,Personal Use,F,24,1,shanna.volz@yahoo.co.in,wOS|<?!e
696295,Linwood,Oaks,Academic purpose,M,29,3,linwood.oaks@gmail.com,a$xK|?UX_{l0W
635271,Donny,Lemke,Small organization,M,23,3,donny.lemke@gmail.com,A$Ez:dmj
315034,Ninfa,Baron,Personal Use,F,21,1,ninfa.baron@yahoo.com,0\sBJiTQ
285675,Harrison,Cavazos,Small organization,M,23,3,harrison.cavazos@yahoo.com,As2cc^JJ.sRwBX
177300,Kelley,Curley,Big Organization,M,37,9,kelley.curley@gmail.com,U8j&e2g_%L
814002,Winnifred,Hoke,Small Organization,F,23,3,winnifred.hoke@hotmail.com,5MF8h5]^1
580274,Elias,Collette,Small Organization,M,23,3,elias.collette@gmail.com,n[.Yx@iQ
863434,Alfonso,Alba,Gaming Purpose,M,28,6,alfonso.alba@aol.com,TQ^^5@hA7n]U
768022,Simone,Rea,Big Organization,F,38,9,simone.rea@hotmail.com,Tp$%xd{?l67tS
292052,Woodrow,Mccann,Small organization,M,23,3,woodrow.mccann@yahoo.com,I$>W2fP\Y\*KEM
395472,Dario,Spencer,Big Organization,M,39,9,dario.spencer@microsoft.com,7_I1-JuK#
669795,Polly,Armstrong,Big Organization,F,40,9,polly.armstrong@hotmail.com,9hvZTU|NiZ&
259749,Lurline,Roby,Academic purpose,F,15,3,lurline.roby@aol.com,f4!Ld6C__B:
862228,Charlie,Meehan,Academic purpose,F,16,3,charlie.meehan@btinternet.com,KQ-R7|S:P
882209,Theresa,Dalton,Personal Use,F,19,1,theresa.dalton@gmail.com,diyL&2^AGEC
840009,Contessa,Sheppard,Small Organization,F,25,3,contessa.sheppard@gmail.com,7h.Ehn0ewpu
413384,Sharen,Halverson,Academic purpose,F,17,3,sharen.halverson@yahoo.com,Cp0An^A.EE
408482,Adele,Mccallum,Gaming Purpose,F,29,6,adele.mccallum@gmail.com,Ka#m]8GB
666407,Ha,Matson,Big Organization,F,41,9,ha.matson@hotmail.com,Cr8$}se%a
218533,Fletcher,Ashcraft,Big Organization,M,42,9,fletcher.ashcraft@ibm.com,w[[0VsNuQ3
973342,Nickolas,Lara,Gaming Purpose,M,30,6,nickolas.lara@hotmail.com,GBLOJ^r{#ZE
197578,Blanche,Chandler,Gaming Purpose,F,31,6,blanche.chandler@gmail.com,CC$Cx@:]
669996,Warren,Coe,Small organization,M,26,3,warren.coe@aol.com,9mF+c}qVgJY
539579,Erich,Mancuso,Big Organization,M,43,9,erich.mancuso@aol.com,OF+DppTX7CGP]
125872,Carisa,Drake,Gaming Purpose,F,32,6,carisa.drake@yahoo.com,vOE82kpexA
837426,Cruz,Emery,Small Organization,M,27,3,cruz.emery@charter.net,jmNhmfrX&pnb
235913,Vanetta,Mabe,Big Organization,F,44,9,vanetta.mabe@exxonmobil.com,LdjSD.EqF\w%f
274339,Fernanda,Vigil,Personal Use,F,26,1,fernanda.vigil@rediffmail.com,5Qs-*!h2
512957,Darell,Alderman,Small organization,M,27,3,darell.alderman@gmail.com,Voc1g}UM*SzK
235415,Elaina,Hinojosa,Big Organization,F,45,9,elaina.hinojosa@exxonmobil.com,RQ<N3_fJ/@
586433,Jc,Maas,Academic purpose,M,18,3,jc.maas@earthlink.net,vI]ik?#Snq
255982,Germaine,Peoples,Small organization,F,29,3,germaine.peoples@gmail.com,s7nkRrTRlot
357307,Chara,Byrd,Personal Use,F,23,1,chara.byrd@gmail.com,r\OPxfgiAVpEi%
667859,Emmett,Herrmann,Small organization,M,27,3,emmett.herrmann@microsoft.com,y}uHMp}M
503729,Burl,Slattery,Small organization,M,20,3,burl.slattery@yahoo.co.uk,m--<@M8R*Zk<
637992,Yi,Tamayo,Big Organization,F,45,10,yi.tamayo@aol.com,it0|}QTzb8A
809585,Carlos,Lindsey,Small Organization,M,25,3,carlos.lindsey@gmail.com,4fD%K3U0
960549,King,English,Personal Use,M,12,1,king.english@gmail.com,7H_V-xEy~fgbo\
232646,Emmett,Ordonez,Personal Use,M,13,1,emmett.ordonez@yahoo.com,K0UtCLi3hP
741386,Tessie,Arriola,Small Organization,F,27,3,tessie.arriola@outlook.com,JFT79</Gd
184514,Clint,Amaral,Big Organization,M,46,10,clint.amaral@gmail.com,M%b+cI!l8>Mu?UL
447090,Lacy,Mcgehee,Gaming Purpose,F,33,6,lacy.mcgehee@gmail.com,eL[6+zpu
272372,Forest,Longoria,Big Organization,M,47,10,forest.longoria@hotmail.com,PX>o.8+20<Ls|-]
901940,Jin,Ackerman,Personal Use,F,14,1,jin.ackerman@hotmail.com,ZB:F8L9H|$X7
863659,Herb,Crouch,Big Organization,M,48,10,herb.crouch@sbcglobal.net,fMRmr%-tK}9R&
482788,Hilary,Martinson,Personal Use,F,15,1,hilary.martinson@shaw.ca,M+o317|BXn%Yo
390321,Charita,Weber,Gaming Purpose,F,34,6,charita.weber@exxonmobil.com,r6dS:Hm&3R
984074,Teddy,Witherspoon,Academic purpose,M,19,3,teddy.witherspoon@gmail.com,y$T3f+22Mc[
420425,Tim,Sallee,Big Organization,M,49,10,tim.sallee@yahoo.com,9NW9g/kryV_x
847428,Walter,Goldberg,Small Organization,F,21,3,walter.goldberg@aol.com,6P1q+|}0p.s{zmm
636027,Latrina,Archuleta,Small Organization,F,22,3,latrina.archuleta@gmail.com,b_uM?Qf2T$wFV
894744,Fred,Collazo,Gaming Purpose,F,15,6,fred.collazo@hotmail.com,Ou/j6ghh.
745058,Lindsey,Rector,Small Organization,M,22,3,lindsey.rector@gmail.com,r1r^+nO$
814720,Shandi,Prince,Small Organization,F,29,3,shandi.prince@gmail.com,oH6ca-/cskxBI
799474,Bryce,Joseph,Academic purpose,M,20,3,bryce.joseph@aol.com,AI9jgm#R@X{
430660,Guadalupe,Noll,Personal Use,M,22,1,guadalupe.noll@aol.com,CsV[sUs<Epa
502976,Emogene,Corrigan,Academic purpose,F,21,3,emogene.corrigan@aol.com,m{:Y5^Nb#?69
443961,Quentin,Roach,Personal Use,M,15,1,quentin.roach@aol.com,i>{fYMVDgu1jkw
980544,Manda,Goldman,Big Organization,F,50,10,manda.goldman@charter.net,hyKqU+jIqz
236627,Tosha,Shore,Personal Use,F,25,1,tosha.shore@walmart.com,Ix8Ivdix5a
259771,Basil,Cornell,Academic purpose,M,22,2,basil.cornell@yahoo.com,yPq5ka!|*Y5Fkq
316153,Joya,Godfrey,Academic purpose,F,23,2,joya.godfrey@gmail.com,yiGTW9Gt
602901,Latrice,Overstreet,Big Organization,F,35,10,latrice.overstreet@shaw.ca,tSCf|<*~w/42
319426,Launa,Saucier,Big Organization,F,60,10,launa.saucier@aol.com,t?0oR0Nd<
717322,Santos,Spruill,Academic purpose,M,24,2,santos.spruill@aol.com,3pyz##%#
603441,Allan,Surratt,Small organization,M,28,3,allan.surratt@gmail.com,XxEe:!Sv
316773,Sarai,Hatton,Gaming Purpose,F,16,6,sarai.hatton@aol.com,TJ}msUW[?2Z
561706,Marlin,Duong,Personal Use,M,19,1,marlin.duong@gmail.com,u4{*-p>t
283233,Stevie,Agee,Big Organization,M,61,10,stevie.agee@gmail.com,85xB&i*6IMA3h<h
360785,Danial,Spaulding,Small Organization,M,21,3,danial.spaulding@hotmail.com,eFtzF<mc-pzc:]
568396,Sharee,Lemay,Personal Use,F,27,1,sharee.lemay@gmail.com,uhsmLuu7
569208,Edwin,Stillwell,Personal Use,M,17,1,edwin.stillwell@aol.com,IbAKFj[0VW8#Plm
862508,Christian,Bartels,Big Organization,M,62,10,christian.bartels@gmail.com,bclK^_uhu
595400,Bruno,Madsen,Big Organization,M,55,10,bruno.madsen@comcast.net,YIKRQ?pS:
391677,Xenia,Peacock,Big Organization,F,56,10,xenia.peacock@hotmail.com,2-FKm56-3Z|hpd
629094,Sadie,Earls,Gaming Purpose,F,17,6,sadie.earls@microsoft.com,2d|YTXr8{|_gW
538099,Dee,Laplante,Big Organization,F,36,10,dee.laplante@yahoo.com,Az*BuRWbtW0
447315,Milo,Dion,Personal Use,M,28,1,milo.dion@shell.com,nUaS%Ko_ha.
866533,Karrie,Conley,Small Organization,F,24,3,karrie.conley@sbcglobal.net,Aq{USEOHCi
223842,Annetta,Martins,Small Organization,F,25,3,annetta.martins@shaw.ca,slqAA%&Z8d&tp95
695913,Shiloh,Church,Big Organization,F,37,10,shiloh.church@gmail.com,lyLZMI9o
703258,Lacy,Camacho,Gaming Purpose,F,18,6,lacy.camacho@gmail.com,uu>y!4dS3D/p?7
799440,Latricia,Kelly,Small organization,F,25,3,latricia.kelly@shaw.ca,3jUdDL]HRZ**y
322907,Olin,Drury,Big Organization,M,38,10,olin.drury@aol.com,NCFH2-vmE|Z&s
927582,Ines,Speed,Personal Use,F,16,1,ines.speed@verizon.net,W~$1&L*!nMK^Sd
421662,Ernest,Bonner,Academic purpose,M,25,2,ernest.bonner@yahoo.ca,W.8Jv.#M}Nm1PrW
626217,Georgiann,Hensley,Small organization,F,20,3,georgiann.hensley@gmail.com,ayTCr\dGU*z$
563278,Kortney,Michaud,Big Organization,F,39,10,kortney.michaud@gmail.com,26@]XgK8nH
377693,Roselee,Cecil,Gaming Purpose,F,19,6,roselee.cecil@gmail.com,xctsD}dWa>y]
890991,Ming,Holcomb,Big Organization,F,40,10,ming.holcomb@gmail.com,h{v?FRtWw
314801,Stefania,Couch,Small Organization,F,26,3,stefania.couch@gmail.com,rDCDgN6G_Cn.
207814,Paige,Scanlon,Big Organization,F,41,10,paige.scanlon@hotmail.com,u3vYbY6$K_z
202115,Cynthia,Burchfield,Big Organization,F,42,10,cynthia.burchfield@microsoft.com,Uf0zyB0AOF
921413,Ollie,Totten,Big Organization,F,43,10,ollie.totten@yahoo.com,WBn$Jk{<>v&sYC8
156912,Marc,Shannon,Big Organization,M,44,10,marc.shannon@shell.com,x2}|N9ekC
214684,Bart,Angel,Small Organization,M,28,3,bart.angel@microsoft.com,R/&TsY/fwR
915227,Brandon,Vandyke,Small organization,M,25,3,brandon.vandyke@gmail.com,d5GG[f\PsCPoZbh
358685,Arlie,Christy,Small Organization,M,22,3,arlie.christy@btinternet.com,6N0&Nf0Y?_2|
893055,Deandrea,Barnhill,Personal Use,F,22,1,deandrea.barnhill@gmail.com,M9JIDmT/nTo
195707,Palmer,Ogle,Big Organization,M,45,10,palmer.ogle@shaw.ca,N\Uk432!NX{NfZ2
848244,Ronny,Sewell,Gaming Purpose,M,20,6,ronny.sewell@gmail.com,U6xz_G#Mr66A
264711,Linwood,Matlock,Big Organization,M,45,10,linwood.matlock@gmail.com,6X:*r]|T6ODrV
504189,Sindy,Youngblood,Big Organization,F,46,10,sindy.youngblood@gmail.com,gF/slPuvF?V
930232,Reyes,Mohr,Academic purpose,M,26,2,reyes.mohr@gmail.com,CGQt9KuYl^#Y.B
163114,Rubin,Wilbanks,Small Organization,M,25,3,rubin.wilbanks@gmail.com,agsgLq18k
653650,Kandi,Ziegler,Big Organization,F,47,10,kandi.ziegler@aol.com,r[zK_uW#ckY+^M
114498,Gerard,Mcneal,Small organization,M,26,3,gerard.mcneal@gmail.com,iogg?7Cp
879035,Hershel,Lavoie,Big Organization,M,48,10,hershel.lavoie@verizon.net,I7OQO]F!A
644180,Jermaine,Tyree,Gaming Purpose,M,21,6,jermaine.tyree@hotmail.co.uk,0x.Q]UBh
228031,Tom,Dancy,Personal Use,M,16,1,tom.dancy@hotmail.com,U?Zdl#*&C
338621,Kaye,Newton,Personal Use,F,25,1,kaye.newton@aol.com,9]bO-+@ZRQ
920425,Kizzy,Alves,Big Organization,F,49,10,kizzy.alves@yahoo.com,RIy7SD5oI.
378735,Malik,Wenger,Small organization,M,27,3,malik.wenger@gmail.com,7?!BH%FeB$
781527,Ute,Peeler,Personal Use,F,17,1,ute.peeler@outlook.com,9@%ws[21H@
517758,Reita,Frederick,Small organization,F,28,3,reita.frederick@comcast.net,xbNy<s-KqXCVs
419690,Lacy,Winchester,Small organization,F,29,3,lacy.winchester@comcast.net,lHGDV$qN?Wz!Pv
215358,Roland,Desimone,Small Organization,M,30,3,roland.desimone@gmail.com,8OwUOD.+Ab
268404,Van,Horne,Big Organization,F,50,10,van.horne@verizon.net,xt58aO<@Be?.
844671,Frieda,Ragsdale,Big Organization,F,51,10,frieda.ragsdale@yahoo.com,jCeU]NiNo1#Jbm
631876,Amparo,Carrillo,Personal Use,F,16,1,amparo.carrillo@bellsouth.net,T|@/e!9-
666689,Leida,Rosser,Small Organization,F,31,3,leida.rosser@verizon.net,kVj$Xs}f}
317405,Detra,Catron,Small organization,F,28,3,detra.catron@microsoft.com,xRfU:usSrTi2M
266463,Kasey,Pleasant,Small Organization,M,26,3,kasey.pleasant@cox.net,TS%9Oy:X<6
326786,Bobby,Sorenson,Small Organization,M,26,3,bobby.sorenson@aol.com,lAOVg-i9$9Tk
812211,Cinthia,Hand,Academic purpose,F,15,2,cinthia.hand@gmail.com,5M>JjZ2TRNl_[
634529,Jenny,Burroughs,Small Organization,F,27,3,jenny.burroughs@gmail.com,icCOnn7Ow
831799,Kiana,Ralph,Big Organization,F,52,10,kiana.ralph@cox.net,V~p*rr05D6&0M<
525091,Margart,Cosgrove,Personal Use,F,16,1,margart.cosgrove@hotmail.com,Jq_voAfO4Z
978800,Daron,Mcmaster,Big Organization,M,53,10,daron.mcmaster@gmail.com,lrhZ?LRC\
739146,Weston,Chow,Personal Use,M,22,1,weston.chow@hotmail.com,7D/H\Sp3T
704797,Sook,Devlin,Small organization,F,25,3,sook.devlin@aol.com,gL8nuct[
567772,Luanna,Bravo,Small organization,F,26,3,luanna.bravo@msn.com,DVr*[.4<:a7
310173,Randy,Gordon,Academic purpose,M,16,2,randy.gordon@shaw.ca,xI!??9std
144548,Lashawnda,Yee,Small organization,F,21,3,lashawnda.yee@yahoo.ca,h#l+OxabxsSf9
734469,Miss,Hargis,Small organization,F,21,3,miss.hargis@gmail.com,N2K/hqxg
630016,Kristopher,Collette,Gaming Purpose,M,22,6,kristopher.collette@walmart.com,3k:|QgeDS*<9@lR
780778,Shawanna,Gagnon,Gaming Purpose,F,23,6,shawanna.gagnon@charter.net,fjr?g}shY6~u\
538505,Aldo,Nguyen,Small organization,M,23,3,aldo.nguyen@hotmail.co.uk,SU~D7-rG<g
579723,Buck,Noyes,Big Organization,M,55,11,buck.noyes@aol.com,Y}pqKhP:n
901762,Jacalyn,Briggs,Academic purpose,F,17,2,jacalyn.briggs@gmail.com,xPGG#qrvz
765235,Emilio,Hoyle,Small Organization,M,27,3,emilio.hoyle@hotmail.com,kyU%mb3&H
186047,Karl,Nunez,Gaming Purpose,M,24,6,karl.nunez@ntlworld.com,VDb\Zd2qc6oVy
389919,Kennith,Dasilva,Gaming Purpose,M,25,6,kennith.dasilva@yahoo.com,g!j]&!A^g
990488,Billy,Kyle,Academic purpose,M,18,2,billy.kyle@gmail.com,G_BRrgJ@/roF\vc
385559,Shelley,Rojas,Personal Use,F,16,1,shelley.rojas@gmail.com,Zb/:UgOI$bo/A[A
998903,Chasity,Guido,Big Organization,F,54,11,chasity.guido@charter.net,b*4&3d8Aouc:D9
929869,Trevor,Jacob,Big Organization,M,56,11,trevor.jacob@microsoft.com,HJvx$nh&WodqZBd
435093,Cathrine,Champagne,Small organization,F,23,3,cathrine.champagne@yahoo.co.in,jX$_Q|XWI
858385,Henry,Phipps,Gaming Purpose,F,19,6,henry.phipps@charter.net,1He$CViA?_.rjwE
716058,Santo,Byrd,Personal Use,M,17,1,santo.byrd@yahoo.com,w0AFD^b8t~BtXwr
371501,Carline,Sharkey,Gaming Purpose,F,23,6,carline.sharkey@aol.com,Dd6rct?df5g6fu
330900,Davida,Pemberton,Big Organization,F,57,11,davida.pemberton@yahoo.com,FFp$R4>Z+2E_M/h
508854,Valentin,Purvis,Small Organization,M,30,3,valentin.purvis@gmail.com,qP%D%8s@nNz@3:|
417646,Cristobal,Bone,Gaming Purpose,M,19,6,cristobal.bone@bp.com,EO#W#-rd<Ei+
196640,Art,Dubose,Big Organization,M,58,11,art.dubose@yahoo.com,LB0~yB!Lw<tqF
732435,Dale,Sipes,Small Organization,M,31,3,dale.sipes@gmail.com,ViE&pHgaJi}C
784503,Stevie,Parkinson,Big Organization,M,59,11,stevie.parkinson@aol.com,1?-b]MuSqzSN
705501,Andrea,Bueno,Gaming Purpose,M,19,6,andrea.bueno@gmail.com,Lyx4sE3hR~
655342,Sherrell,Kasper,Big Organization,F,60,11,sherrell.kasper@gmail.com,TZ?/4>Pn
945089,Angelina,Fredrick,Big Organization,F,35,11,angelina.fredrick@hotmail.com,yV:mHk&9_jtx
935819,Werner,Griffis,Small Organization,M,25,3,werner.griffis@hotmail.com,5fhICg4r0PeL-
772602,Zula,Romeo,Personal Use,F,18,1,zula.romeo@verizon.net,xz+m0T<eRBvT\X
890888,Edwin,Desimone,Big Organization,M,46,12,edwin.desimone@gmail.com,PRya@bCC!>EsK~}
927902,Serina,Werner,Academic purpose,F,18,2,serina.werner@gmail.com,UFC\2G0P
919021,Florentino,Mclain,Small organization,M,32,3,florentino.mclain@sbcglobal.net,8o_.R35M|L
361407,Jamie,Jansen,Small Organization,M,22,3,jamie.jansen@hotmail.com,J{Kjv1]ah%6kB0
175904,Maisie,Lorenzo,Academic purpose,F,20,2,maisie.lorenzo@apple.com,1&LeCw0>Ho:Vps
251891,Ahmad,Petit,Big Organization,M,36,12,ahmad.petit@aol.com,93ZSfOAf3u5q-
965500,Verlene,Andres,Gaming Purpose,F,24,6,verlene.andres@yahoo.co.uk,ml7_9BvlYIq\FS
166633,Tarsha,Webster,Small organization,F,32,3,tarsha.webster@gmail.com,o2?~$am6pVsZs
259575,Darell,Runyon,Small Organization,M,28,3,darell.runyon@bp.com,Tf_f{>I1W1
836165,Oliver,Grimes,Small organization,M,33,3,oliver.grimes@yahoo.com,4Ir-7fOZDr}K/
484597,Moses,Hutchinson,Personal Use,M,16,1,moses.hutchinson@yahoo.com,Oc2h2ri_YuV
682475,Julio,Grice,Gaming Purpose,F,22,6,julio.grice@aol.com,iZ38W*-4#
825983,Tristan,Boggs,Small Organization,F,34,3,tristan.boggs@hotmail.com,saAeb{u/Z?J@
128477,Jong,Seibert,Big Organization,F,37,12,jong.seibert@verizon.net,S3PzwsUC?
744163,Jeane,Deyoung,Gaming Purpose,F,19,6,jeane.deyoung@yahoo.co.uk,V.wQouo8dE~0
383161,Lon,Sharkey,Academic purpose,M,24,1,lon.sharkey@aol.com,soT0h-Ew.kU
507995,Domingo,Storm,Academic purpose,M,22,1,domingo.storm@rediffmail.com,9Ax0d>+t6*
508004,Jae,Shipman,Small organization,M,25,3,jae.shipman@exxonmobil.com,OV{b?}s&I]*%6Z
662220,Sherman,Lawton,Small Organization,M,22,3,sherman.lawton@aol.com,2rQEufGXw
347957,Ivelisse,Nealy,Academic purpose,F,25,1,ivelisse.nealy@rediffmail.com,wztu}*-aQ
790041,Cynthia,Ponce,Big Organization,F,38,12,cynthia.ponce@earthlink.net,JeHVq:F]:
243683,Norbert,Byars,Personal Use,M,19,1,norbert.byars@gmail.com,qyJJRL4_YZu
820854,Jody,Pool,Gaming Purpose,F,16,6,jody.pool@aol.com,6vBge?sa#
219494,Elly,Banuelos,Big Organization,F,39,12,elly.banuelos@bellsouth.net,sh8JzRLM6pw3D
355333,Anton,Lovett,Personal Use,M,18,1,anton.lovett@gmail.com,NI5r*_YwL9ldb
674758,Leonor,Croteau,Small Organization,F,28,3,leonor.croteau@aol.com,hM+WhpfBQo
591213,Hilton,Hawks,Personal Use,M,26,1,hilton.hawks@aol.com,Ipp#?h!Wxqpje9
606551,Jenifer,Mulligan,Academic purpose,F,23,2,jenifer.mulligan@btinternet.com,E!WIdbdh#
321983,Elvira,New,Big Organization,F,40,12,elvira.new@ibm.com,Z15>o1\tv!sBdI-
280235,Cira,Waters,Big Organization,F,41,12,cira.waters@hotmail.com,im$Vcs&A
814062,Leandro,Leal,Gaming Purpose,M,15,6,leandro.leal@gmail.com,AyxH#?8O72L#
375719,Clifford,Torrez,Personal Use,M,24,1,clifford.torrez@bp.com,TP?g$81NE]KG:
812440,Brendan,Bock,Personal Use,M,20,1,brendan.bock@gmail.com,6..R~L~6Vn*{~4l
526095,Shemeka,Chalmers,Personal Use,F,21,1,shemeka.chalmers@gmail.com,L}9F#UZQt7V5.
480343,Marta,Dumont,Big Organization,F,42,13,marta.dumont@aol.com,H!~x3CZ5b
387512,Muoi,Mcdonough,Academic purpose,F,20,1,muoi.mcdonough@yahoo.com,6lD@|?CnpQV-\
411827,Mario,Novotny,Gaming Purpose,M,20,6,mario.novotny@gmail.com,Htw[mQZ%aN
379192,Lucius,Martin,Small Organization,M,35,3,lucius.martin@bp.com,MT>WL>b|N
745056,Bridgette,Sierra,Gaming Purpose,F,18,6,bridgette.sierra@shell.com,i5LFB~^-k
343590,Criselda,Dortch,Big Organization,F,43,13,criselda.dortch@yahoo.co.uk,2%Ll&?HzOJ6
292943,Marge,Silverman,Big Organization,F,44,13,marge.silverman@yahoo.com,Vxc5}Pce^>
821131,Nannie,Champion,Gaming Purpose,F,23,6,nannie.champion@yahoo.com,0?J!h{Me
274488,Grant,Kiefer,Big Organization,M,45,13,grant.kiefer@bp.com,tH3wqoG/X~^#RT\
300647,Debbra,Bobo,Small Organization,F,36,3,debbra.bobo@microsoft.com,NkAXue3Nr0^tV>
563480,Neil,Bowman,Academic purpose,M,16,1,neil.bowman@hotmail.com,A}YGd^_ROEZ5$
695502,Alba,Begay,Gaming Purpose,F,16,6,alba.begay@outlook.com,54/5_H\wPsF_
593435,Parthenia,Yancey,Big Organization,F,47,13,parthenia.yancey@verizon.net,x8F7r]pS
628748,Jimmy,Bettis,Personal Use,M,17,1,jimmy.bettis@outlook.com,278@%g8Q*
391027,Clark,Deal,Gaming Purpose,M,18,6,clark.deal@sbcglobal.net,km.Cb@Z%&!Qti8
777314,Carlene,Mallory,Big Organization,F,48,13,carlene.mallory@gmail.com,n8PlmCXpBnx9cE.
987973,Armand,Beltran,Gaming Purpose,M,27,6,armand.beltran@shell.com,9]N8_Ye_PX
414100,Refugio,Cuellar,Academic purpose,M,15,1,refugio.cuellar@yahoo.co.in,UJ9Hw~SYkp
128069,Norbert,Wilburn,Small organization,M,27,3,norbert.wilburn@gmail.com,fEZ\|uS9S
953557,Jada,Santos,Small Organization,F,23,3,jada.santos@yahoo.com,192m!&!zuV3c
741578,Rick,Arnold,Gaming Purpose,M,27,6,rick.arnold@comcast.net,g{om@X$Xuw?y&
528503,Arden,Willie,Big Organization,M,49,13,arden.willie@gmail.com,p*+$osC7pb#zn<D
992542,Zane,Riddell,Personal Use,M,19,1,zane.riddell@yahoo.com,qTM}c@pO_Z32.
292646,Alexia,Churchill,Personal Use,F,19,1,alexia.churchill@gmail.com,np5kopK:I
704563,Marcelene,Khan,Big Organization,F,35,14,marcelene.khan@microsoft.com,Rh2D_\23Ca]{w
698791,Delma,Cummins,Academic purpose,F,23,1,delma.cummins@walmart.com,uyTTW!nd}$F:
526168,Maritza,Osburn,Big Organization,F,36,15,maritza.osburn@verizon.net,v!SXZ1r0E\Qd
891639,Johanna,Murry,Big Organization,F,37,15,johanna.murry@yahoo.co.uk,jRWNvC+gP5
641307,Oliver,Troutman,Gaming Purpose,M,17,6,oliver.troutman@ntlworld.com,d~6#4xpC&
354053,Sima,Pruitt,Small organization,F,28,3,sima.pruitt@microsoft.com,aQRs5>^9ow|1
719451,Deneen,Shultz,Personal Use,F,21,1,deneen.shultz@aol.com,O\K@0[8wVp
390131,Jina,Grice,Gaming Purpose,F,23,6,jina.grice@gmail.com,0h/zMW{ol:K
355249,Gricelda,Pritchard,Small organization,F,36,3,gricelda.pritchard@exxonmobil.com,TNPW@+N50A
583972,Jaleesa,Jaime,Big Organization,F,38,15,jaleesa.jaime@aol.com,k%b6g2.1
358904,Stewart,Bartholomew,Gaming Purpose,M,19,6,stewart.bartholomew@hotmail.com,v#4C_KSk3uH
706362,Marion,Lowman,Big Organization,F,39,15,marion.lowman@hotmail.com,R34_j9~o@7n_a>
147225,Benny,Warner,Academic purpose,M,19,1,benny.warner@aol.com,GcN^g.A@y]i-
986041,Agustina,Vieira,Academic purpose,F,20,1,agustina.vieira@hotmail.com,uFLJ[U+r+uweh.
929826,Eusebio,Verdin,Small organization,M,37,3,eusebio.verdin@microsoft.com,dC7T\$wVsLOJfZ!
995551,Clinton,Delossantos,Small organization,M,38,3,clinton.delossantos@sbcglobal.net,E|~Y+Ozs<cr2s
607132,Bridget,Redding,Personal Use,F,25,1,bridget.redding@yahoo.com,n:}Qw0xfTjmY~U
290565,Rasheeda,Hulsey,Big Organization,F,40,15,rasheeda.hulsey@gmail.com,wOE#EK]w>h.m
296852,Trevor,Galvan,Small Organization,M,24,3,trevor.galvan@gmail.com,obWq9Lmyr
608230,Elane,Lay,Gaming Purpose,F,16,6,elane.lay@gmail.com,xxHkGprr%MOQ~v
850042,Sheron,Wooden,Academic purpose,F,18,2,sheron.wooden@gmail.com,tEqe#1paNaVTu
763441,Zenobia,Tejada,Academic purpose,F,20,1,zenobia.tejada@gmail.com,Dnyp3ah.bhKNm^Z
828962,Jeanne,Conti,Gaming Purpose,F,17,6,jeanne.conti@btinternet.com,Bw{h]F&3?n
493020,Ida,Lugo,Personal Use,F,26,1,ida.lugo@yahoo.com,Cns*6~?+XMVWw[p
530089,Melvin,Jensen,Personal Use,M,22,1,melvin.jensen@aol.com,M$-sV#[]Gl
386711,Daysi,Baskin,Gaming Purpose,F,23,6,daysi.baskin@gmail.com,I0<F1?A:0
857807,John,Latham,Big Organization,M,41,15,john.latham@gmail.com,o&<P{nf!Qn9lR4~
377190,Charity,Soriano,Small Organization,F,26,3,charity.soriano@gmail.com,2jblx24+awJ|w3
298803,Renay,Healy,Big Organization,F,42,15,renay.healy@bellsouth.net,4F#{?T}l%
372452,Fernanda,Denning,Small Organization,F,20,3,fernanda.denning@gmail.com,O:+!zj!58OvV^
580489,Alta,Westfall,Gaming Purpose,F,27,6,alta.westfall@yahoo.com,apTF[AJrqaDO
613875,Norberto,Esparza,Personal Use,M,17,1,norberto.esparza@verizon.net,wsA$xD3~5{M
707888,Shad,Pointer,Gaming Purpose,M,26,6,shad.pointer@gmail.com,2vu3vk]wh?UF
454442,Krista,Cromer,Personal Use,F,19,1,krista.cromer@cox.net,scj|vyB&{ij|]
184562,Ara,Carrillo,Big Organization,F,43,15,ara.carrillo@hotmail.com,42~J5zLFs
695969,Bennett,Lam,Small Organization,M,21,3,bennett.lam@gmail.com,CdhT$.I?Pxhdk
445332,Adaline,Byrnes,Academic purpose,F,21,1,adaline.byrnes@charter.net,taMdvY^O.^l
624271,Morgan,Simons,Gaming Purpose,M,22,6,morgan.simons@gmail.com,I8-~]gh4^wb2
861922,Wilson,Aaron,Big Organization,M,44,15,wilson.aaron@aol.com,YiLS{0gFI&6X-gV
658898,Natalya,Laporte,Personal Use,F,21,1,natalya.laporte@aol.com,S-G1]B<T%lrhix
127075,Ileen,Settles,Big Organization,F,45,15,ileen.settles@gmail.com,RdBf<YFiEqhU
423011,Margherita,Fay,Small Organization,F,26,3,margherita.fay@gmail.com,RfLWKELvZDr
711581,Arron,Guerrero,Big Organization,M,46,15,arron.guerrero@msn.com,9*vg?o_*
927847,Jaquelyn,Culbertson,Small organization,F,22,3,jaquelyn.culbertson@btinternet.com,r7F2e0q7YmI%Tp
977563,Mario,Allen,Gaming Purpose,M,20,6,mario.allen@hotmail.com,p2vs40fLfnAwnE0
232875,Numbers,Brubaker,Big Organization,M,47,15,numbers.brubaker@bp.com,ro>0^CZ@
642447,Andrea,Dugas,Small Organization,M,23,3,andrea.dugas@yahoo.co.in,yc!sj?}S^
609424,Delbert,Boudreau,Big Organization,M,48,15,delbert.boudreau@gmail.com,Z>@MQvM-e.
176971,Lucilla,Healy,Small organization,F,25,3,lucilla.healy@aol.com,Pz[ic+n:kd~
124449,Freeman,Mcmaster,Gaming Purpose,M,17,6,freeman.mcmaster@aol.com,T:*ODUOAyZ~VF
720547,Rashad,Schrader,Personal Use,M,23,1,rashad.schrader@microsoft.com,Z@Z[.upW&
449995,Laurinda,Dang,Gaming Purpose,F,17,6,laurinda.dang@microsoft.com,Y#svr~m2@p
652873,Alejandro,Scribner,Small organization,M,20,3,alejandro.scribner@gmail.com,q<QJaWV1T]
703906,Lisandra,Halsey,Big Organization,F,49,15,lisandra.halsey@yahoo.ca,fD^h.vl8A<!
294025,Hiram,Pickering,Small Organization,M,28,3,hiram.pickering@yahoo.com,Zr]qtD!lsnx
682902,Danyelle,Trout,Small organization,F,23,3,danyelle.trout@gmail.com,Mo#i<G|bBxCl9p
649679,Herbert,Irby,Small Organization,M,24,3,herbert.irby@yahoo.com,L%~yM?Go~Jbe
626899,America,Chang,Small Organization,F,22,3,america.chang@yahoo.com,r@!AG/A4
118144,Scot,Hoyle,Personal Use,M,19,1,scot.hoyle@btinternet.com,V!}@!MJd7
875693,Carol,Hardesty,Small Organization,M,25,3,carol.hardesty@hotmail.com,nH3bn^Jk[{@B
409197,Tera,Aviles,Small Organization,F,26,3,tera.aviles@earthlink.net,t:s\/Q:28Fls
556895,Izola,Lundy,Small Organization,F,27,3,izola.lundy@yahoo.com,0%C!LhKQvO{^|%
258062,Erasmo,Almeida,Small organization,M,21,3,erasmo.almeida@gmail.com,m<f<g.*6
888447,Roberto,Deluca,Small organization,M,24,3,roberto.deluca@yahoo.co.uk,6sJ/?vXX>?yRf
184520,Darron,Hammer,Personal Use,M,16,1,darron.hammer@sbcglobal.net,hD[nCY9iB
234615,Jann,Tremblay,Personal Use,F,24,1,jann.tremblay@shaw.ca,q?BD%MD!R[J
880500,Lahoma,Lachance,Small organization,F,23,3,lahoma.lachance@microsoft.com,Uh}M@k8ru-ts22
276557,Janetta,Bowlin,Small Organization,F,25,3,janetta.bowlin@hotmail.com,Uxr0*ygP-/t]
253914,Kim,Lorenzo,Academic purpose,M,23,1,kim.lorenzo@yahoo.com,rJe|[8G7-u\
214151,Annie,Mccracken,Academic purpose,F,15,2,annie.mccracken@gmail.com,Lx3J!IroCg?7
600965,Man,Leroy,Gaming Purpose,M,26,6,man.leroy@shell.com,z8VopnpN
582395,Zackary,Register,Academic purpose,M,29,2,zackary.register@yahoo.com,SA@i2YC7
268040,Malissa,Morey,Small Organization,F,28,3,malissa.morey@hotmail.com,zsBxqxaV1U&
265738,Kayla,Plunkett,Big Organization,F,50,10,kayla.plunkett@shaw.ca,x6EGcgBkjpw:Xp
386523,Kasey,Spruill,Small organization,M,23,3,kasey.spruill@yahoo.ca,NIs}6RZfds
738090,Lyman,Cavanaugh,Academic purpose,M,21,2,lyman.cavanaugh@gmail.com,9c^VzXmDJ+n
597179,Ethyl,Mcclellan,Academic purpose,F,24,2,ethyl.mcclellan@gmail.com,Q5W02?U!JE
667427,Wilbur,Muncy,Personal Use,M,24,1,wilbur.muncy@yahoo.com,S7.0SW:5K]f
569695,Edison,Desjardins,Small Organization,M,24,3,edison.desjardins@gmail.com,b8/wsl&8YB7<-4
690528,Kris,Aguiar,Personal Use,M,22,1,kris.aguiar@shaw.ca,9dH3/}A8
345118,Micah,Murdock,Personal Use,M,20,1,micah.murdock@verizon.net,p>X_Bpf}0}]b
163411,Latonia,Lockhart,Big Organization,F,35,7,latonia.lockhart@gmail.com,cyMPtilr~^!
751229,Michael,Cupp,Small Organization,M,29,3,michael.cupp@gmail.com,rJvsHCdP^m~CMK
804129,Manuel,Grant,Gaming Purpose,M,23,6,manuel.grant@charter.net,7uu6p5^n8M<
918594,Neil,Walters,Gaming Purpose,M,24,6,neil.walters@gmail.com,Q::R5kZZSMw_s@
366810,Jamie,Basham,Gaming Purpose,M,25,6,jamie.basham@apple.com,0YsV$$L\UYV
813992,Marin,Hale,Personal Use,F,18,1,marin.hale@gmail.com,N~b#mRdvjy.gxeb
596960,Latrina,Wallin,Academic purpose,F,16,2,latrina.wallin@msn.com,6aVNiua[<13.[<r
930076,Gus,Sterling,Academic purpose,M,25,1,gus.sterling@outlook.com,P7{%H?dVCB**Xa4
606888,Eugene,Orr,Small Organization,M,27,3,eugene.orr@bp.com,41r}_OE$Gt]g
381302,Dorothea,Welsh,Gaming Purpose,F,22,6,dorothea.welsh@walmart.com,bpAb&D?:$Fk.J5Y
365733,Sheree,Diggs,Small Organization,F,28,3,sheree.diggs@yahoo.co.in,F[]YD@aWJ*1ttn
211648,Laquita,Irving,Small Organization,F,26,3,laquita.irving@earthlink.net,eE}DO@n%&Q
998499,Will,Nunn,Big Organization,M,33,8,will.nunn@apple.com,y#u1Km!oc%>C
275262,Cristopher,Sands,Academic purpose,M,19,1,cristopher.sands@yahoo.com,vu:~myUPT{q
366361,Young,Mann,Small Organization,M,26,3,young.mann@gmail.com,XIMVNpi&OM6
495571,Omega,Keeney,Big Organization,F,32,8,omega.keeney@gmail.com,9?kTr#[gT
400422,Michale,Dozier,Gaming Purpose,M,15,6,michale.dozier@yahoo.com,c\_edVXf
641760,Loyd,Loftus,Big Organization,M,31,8,loyd.loftus@verizon.net,k<wtgr}X3/
216738,Christoper,Williamson,Academic purpose,M,28,1,christoper.williamson@gmail.com,2@X_w$!9J+Im_
983720,Jeff,Soliz,Big Organization,M,35,8,jeff.soliz@aol.com,sq8JR%:*x
818136,Dagmar,Gerald,Small Organization,F,21,3,dagmar.gerald@outlook.com,IvxfRK/2
186578,Randal,Murdock,Academic purpose,M,18,2,randal.murdock@yahoo.com,ioshifKb~
299513,Rickie,Dale,Gaming Purpose,M,16,6,rickie.dale@gmail.com,HakjDU\Zq
361480,Frankie,Dorris,Big Organization,F,36,8,frankie.dorris@earthlink.net,T/EM\/XITv
473266,Tamekia,Noriega,Personal Use,F,25,1,tamekia.noriega@yahoo.com,Ykg:o}cT9:BLsdi
967064,Garrett,Corbitt,Small Organization,M,25,3,garrett.corbitt@verizon.net,KklVFL3^.
720426,Carleen,Tijerina,Small organization,F,26,3,carleen.tijerina@bellsouth.net,F4?E3r26W
811632,Meggan,Maxfield,Gaming Purpose,F,24,6,meggan.maxfield@gmail.com,9sI6S8.{\GgD-@I
428584,Teddy,Leblanc,Personal Use,M,24,1,teddy.leblanc@bellsouth.net,yylAe5vOvA~o77_
961569,Devin,Garvin,Big Organization,M,37,8,devin.garvin@aol.com,ie/SNGFE~V@RQ
488863,Jamison,Crockett,Big Organization,M,38,8,jamison.crockett@gmail.com,P3a8qvsNMpx@&L
694905,Sarai,Slagle,Big Organization,F,39,8,sarai.slagle@hotmail.com,dKCibO!Y
768563,Efren,Lehmann,Big Organization,M,40,8,efren.lehmann@gmail.com,38l/dAGwt7!f0H
194454,Major,Hetrick,Personal Use,M,17,1,major.hetrick@btinternet.com,zG.Ish7#9E
476189,Lavonna,Keys,Personal Use,F,12,1,lavonna.keys@outlook.com,An!/_*@owa1J1^
786096,Caridad,Lam,Big Organization,F,41,8,caridad.lam@yahoo.com,qd<nFSNA-n
557710,Gigi,Cloud,Big Organization,F,42,8,gigi.cloud@hotmail.com,LX*U}U3[S:QCD_*
861085,Torie,Cheung,Personal Use,F,29,1,torie.cheung@gmail.com,rPs4CWUD
374081,Elinor,Mccloud,Academic purpose,F,28,1,elinor.mccloud@gmail.com,ZOQVtgTj#rN3P
954614,Janeen,Mccallister,Academic purpose,F,19,2,janeen.mccallister@gmail.com,I0eCB:ju6>
687789,Charlsie,Binkley,Big Organization,F,43,8,charlsie.binkley@gmail.com,oNM89e@Ns
563948,Sharie,Sandoval,Small organization,F,28,3,sharie.sandoval@gmail.com,wg8tHseFUs~
319531,Antonio,Garcia,Small organization,F,29,3,antonio.garcia@charter.net,WvP3U^micj6q\
622824,Christina,Henley,Small Organization,F,25,3,christina.henley@earthlink.net,gEM^&kcZUPsWEp
725043,Carmen,Sheets,Personal Use,M,17,1,carmen.sheets@shaw.ca,Y\Rsh\t$
882089,Lyn,Shea,Big Organization,F,44,8,lyn.shea@microsoft.com,d@6}Y@qnv3E
964283,Merry,Forte,Big Organization,F,45,9,merry.forte@gmail.com,kVs.m9GTl@zSeX
335484,Siobhan,Barkley,Big Organization,F,46,9,siobhan.barkley@gmail.com,n?\#~QoUO}mH
424085,Khadijah,Medlin,Small Organization,F,29,3,khadijah.medlin@gmail.com,QDz>OYgxdC3IKj
162785,Siu,Wyatt,Gaming Purpose,F,25,6,siu.wyatt@shaw.ca,h8v7Ad%*H{1Jo
210955,Salvatore,Shell,Small Organization,M,22,3,salvatore.shell@gmail.com,k:-+sg25ka%%!?s
884750,Carrie,Canady,Small Organization,F,25,3,carrie.canady@yahoo.com,dT*K.d}9To
575116,Clyde,Reilly,Gaming Purpose,M,18,6,clyde.reilly@btinternet.com,dWe*L%>4
757652,Aurelio,Hofmann,Small organization,M,30,3,aurelio.hofmann@yahoo.com,IN]?h+T:A3T6
838027,Danyell,Deyoung,Small organization,F,23,3,danyell.deyoung@aol.com,a5&dH\:oquwI
879616,Noelia,Mcneil,Personal Use,F,23,1,noelia.mcneil@hotmail.co.uk,5S>2q{-sr_
517817,Hugo,Nickerson,Academic purpose,M,19,2,hugo.nickerson@yahoo.com,g%@Q.g8JO-u
480982,Meggan,Mount,Personal Use,F,13,1,meggan.mount@gmail.com,F:MZj~iUsztxV7s
569298,Rubi,Segura,Big Organization,F,47,9,rubi.segura@bellsouth.net,izd_s0n7Oo
759808,Teodora,Cortez,Personal Use,F,24,1,teodora.cortez@gmail.com,Nn6HlryY9s
321903,Gary,Stidham,Small organization,M,31,3,gary.stidham@yahoo.co.uk,hGUTZa:x5
290293,Jonathan,Boothe,Big Organization,M,48,9,jonathan.boothe@gmail.com,b*rZIsOy
143317,Perry,Graf,Small organization,M,32,3,perry.graf@gmail.com,B7kGk$+t
809667,Velva,Murry,Personal Use,F,22,1,velva.murry@gmail.com,qK@H]Dmy3/@k.!3
523237,Donte,Nix,Big Organization,M,49,9,donte.nix@apple.com,AAf%w9GY9$
633556,Kelley,Whelan,Small organization,M,24,3,kelley.whelan@yahoo.com,z:&FVU2kXs<
938396,Normand,Creighton,Personal Use,M,15,1,normand.creighton@gmail.com,mI{8It1%Z${
283154,Ulysses,Nagle,Small organization,M,28,3,ulysses.nagle@gmail.com,wfDAtOKQ
304382,Lenny,Gilmer,Academic purpose,M,15,2,lenny.gilmer@gmail.com,lfJ5KuP-0sr|_
685306,Carol,Bui,Small Organization,M,20,3,carol.bui@aol.com,YudnotrS
153156,Verona,Kellogg,Personal Use,F,24,1,verona.kellogg@aol.com,nJ10c}e\mDrl{/
306626,Linwood,Carbajal,Big Organization,M,50,9,linwood.carbajal@gmail.com,iW6/ttr{N
341823,Toni,Muniz,Small organization,F,21,3,toni.muniz@hotmail.com,4%4^<<TO>_d4AW
471637,Noelia,Bernhardt,Gaming Purpose,F,23,6,noelia.bernhardt@aol.com,2>1ConAJ
431532,Antony,Fuqua,Big Organization,M,35,9,antony.fuqua@aol.com,JLy2A&~wH>}v2
781612,Darci,Thurman,Gaming Purpose,F,20,6,darci.thurman@yahoo.ca,Bws5J%N:kho8&[
542082,Tracie,Soriano,Gaming Purpose,F,26,6,tracie.soriano@microsoft.com,JUM:em:v
550764,Neville,Aguilera,Small Organization,M,23,3,neville.aguilera@gmail.com,w%}&|/4C]%
154437,Denny,Mcvay,Small Organization,F,22,3,denny.mcvay@ntlworld.com,pP|M?H__st!#~:|
176482,Krystal,Erwin,Small Organization,F,29,3,krystal.erwin@shaw.ca,n1RfJsNv
666715,Johnie,Kowalski,Big Organization,M,35,9,johnie.kowalski@gmail.com,w3.Fhk<jc}DDlSX
138019,Sterling,Silvers,Small organization,M,29,3,sterling.silvers@apple.com,EJnkWN0ENy*
842541,Seth,Goldstein,Personal Use,M,24,1,seth.goldstein@yahoo.com,QR8~\}S@
873670,Adele,Henson,Small Organization,F,23,3,adele.henson@rediffmail.com,E>1[NmH4e7}
290646,Rochell,Fusco,Small organization,F,28,3,rochell.fusco@ibm.com,KHrabo:O:L
786408,Carlo,Whittaker,Small organization,M,29,3,carlo.whittaker@ntlworld.com,ee[]U4JRe
559051,Alexis,Fallon,Big Organization,M,35,9,alexis.fallon@aol.com,Iq$a^>t6
516893,Henrietta,Meza,Small Organization,F,26,3,henrietta.meza@cox.net,XY^MdMssiJ<e74
760501,Clark,Sparrow,Personal Use,M,14,1,clark.sparrow@walmart.com,qE]x3LE.Xu
511609,Kelsey,Lucas,Small Organization,F,24,3,kelsey.lucas@gmail.com,t3WlUIB|}GU
868039,Ofelia,Wooden,Big Organization,F,35,9,ofelia.wooden@exxonmobil.com,ezUg~5K9C
469485,Gaston,Mcgehee,Small organization,M,29,3,gaston.mcgehee@sbcglobal.net,T$TwOXAEo&e
264051,Melvin,Pena,Big Organization,M,36,9,melvin.pena@gmail.com,F5?f.yWqYO~
583643,Jessie,Hamilton,Gaming Purpose,F,25,6,jessie.hamilton@gmail.com,Iv6ABTE{M.ezS}B
681669,Mallie,Ohara,Academic purpose,F,20,2,mallie.ohara@gmail.com,xPspYh2AfAt
272735,Tanner,Desimone,Academic purpose,M,29,2,tanner.desimone@gmail.com,gZI4W8~azGSDsvT
677434,Valentin,Mccaskill,Gaming Purpose,M,23,6,valentin.mccaskill@walmart.com,D-lLyGFe67n5j:
985202,Booker,Rankin,Big Organization,M,37,9,booker.rankin@gmail.com,Oas@}\tl?uW\g
996307,Earl,Foy,Big Organization,M,38,9,earl.foy@aol.com,AY!yY^*ysxc
326436,Keneth,Alston,Gaming Purpose,M,23,6,keneth.alston@gmail.com,UX5P3RDpRsPoY
412382,Lillie,Matlock,Big Organization,F,39,9,lillie.matlock@hotmail.com,SfC[!Mz~
536653,Ashton,Spring,Academic purpose,F,26,2,ashton.spring@yahoo.com,Yz*d@?rmW
961962,Oma,Horsley,Academic purpose,F,21,2,oma.horsley@gmail.com,9:YQLfV[:4YY
347222,Concetta,Mickens,Big Organization,F,34,9,concetta.mickens@bellsouth.net,X7{F?MZin}D
818991,Cary,Mcmullen,Small Organization,M,23,3,cary.mcmullen@yahoo.com,Us-:LoH09>qh:ao
798815,Bradley,Neuman,Small organization,M,23,3,bradley.neuman@aol.com,c0{*e}?2[*l]9!
396181,Maryam,Vandiver,Personal Use,F,18,1,maryam.vandiver@exxonmobil.com,EM/A>_JSW<0Sl7O
715790,Emmett,Shaver,Small Organization,M,24,3,emmett.shaver@walmart.com,qo4Y?T_f?J[6[
366282,Roslyn,Leahy,Small organization,F,27,3,roslyn.leahy@exxonmobil.com,3U33I@<2tua7Du
420178,Melita,Huntley,Small Organization,F,20,3,melita.huntley@outlook.com,O:>HXkmou
742376,Isobel,Bruner,Small Organization,F,20,3,isobel.bruner@yahoo.com,de{hb94LvT
490788,Verena,Jung,Small Organization,F,25,3,verena.jung@gmail.com,9lN0Q>i]Klb&b#C
600534,Tommy,Falls,Small organization,M,24,3,tommy.falls@gmail.com,AOTuoeUl~+iitK
373020,Renetta,Warner,Gaming Purpose,F,27,6,renetta.warner@ibm.com,QjkL~kVa]x
917053,Alvaro,Butterfield,Small Organization,M,20,3,alvaro.butterfield@gmail.com,ke_#uB\CTVCDIG3
978259,Evonne,Paredes,Small organization,F,22,3,evonne.paredes@exxonmobil.com,QurBm0oUG
770283,Corrine,Westbrook,Academic purpose,F,26,5,corrine.westbrook@gmail.com,b9]uz1DVMjy
522846,Xiomara,Belt,Small Organization,F,22,3,xiomara.belt@gmail.com,jQ>q!q<v*Zijw
490361,Cordell,Meeks,Academic purpose,M,28,2,cordell.meeks@exxonmobil.com,kmYn/LkY[
634421,Deirdre,Partin,Small organization,F,24,3,deirdre.partin@gmail.com,2%oyRlZVH&h
673541,Gonzalo,Hodgson,Personal Use,M,15,1,gonzalo.hodgson@aol.com,o-_x7_b!z
864503,Glinda,Guest,Big Organization,F,40,9,glinda.guest@gmail.com,J[$&<*zMkoN
422206,Guadalupe,Shepard,Gaming Purpose,M,22,3,guadalupe.shepard@gmail.com,uz}iFyh-\
857332,Joe,Winn,Academic purpose,M,16,2,joe.winn@hotmail.com,W$]{&.hlsuQwg
171693,Ilda,Gagne,Big Organization,F,42,9,ilda.gagne@gmail.com,MVNX<?K#P
313842,Marcos,Haugen,Gaming Purpose,M,21,3,marcos.haugen@ibm.com,Zy!Q39jRz{:+
465030,Winnifred,Crook,Big Organization,F,41,9,winnifred.crook@shaw.ca,A|E/^g-\gc%
445222,Raymond,Pridgen,Small Organization,M,27,3,raymond.pridgen@aol.com,qh+omwv_\>7O
703376,Latrice,Wetzel,Small organization,F,26,3,latrice.wetzel@gmail.com,l>4.|0lqBKG6Qz>
166058,Walton,Settles,Personal Use,M,15,1,walton.settles@gmail.com,QNI@kekrDw
344365,Chauncey,Sparks,Personal Use,M,19,1,chauncey.sparks@yahoo.com,AsJ|Ls3&[
943721,Gavin,Oneal,Academic purpose,M,17,2,gavin.oneal@yahoo.com,Js}@GJ^^{g9
798377,Ira,Tomlin,Small Organization,M,20,3,ira.tomlin@aol.com,O|Kd$77G5O
665127,Tyree,Delgadillo,Gaming Purpose,M,20,3,tyree.delgadillo@shaw.ca,5qW-%}UcFFi1du\
272721,Leopoldo,Darden,Big Organization,M,43,10,leopoldo.darden@gmail.com,BQi|JJpOcRvIaQ
659738,Abraham,Dunaway,Personal Use,M,19,1,abraham.dunaway@yahoo.com,ZtW2nV-~%+Qrs
702625,September,Jordan,Small Organization,F,24,3,september.jordan@yahoo.com,c.8zEB_*$-pt~
462146,Tobias,Booth,Personal Use,M,15,1,tobias.booth@bellsouth.net,f_*-B-d0|
796810,Sherilyn,Aleman,Small organization,F,27,3,sherilyn.aleman@gmail.com,z9yzQ+OS>u[ZhmA
453137,Francis,Luckett,Personal Use,F,24,1,francis.luckett@gmail.com,Pe[@IeX#
114310,Glynis,Paul,Small organization,F,29,3,glynis.paul@apple.com,Z!kp]mOU_+0-
740330,Lashandra,Callaway,Gaming Purpose,F,20,3,lashandra.callaway@outlook.com,pd0*WSv\/<vU*
200325,Johnie,Marks,Gaming Purpose,M,15,3,johnie.marks@hotmail.com,Ki0l[NzcQsL^AJ.
861734,Jon,Wilson,Big Organization,M,44,10,jon.wilson@hotmail.com,p]{|LNiq
586654,Herlinda,Worden,Gaming Purpose,F,27,3,herlinda.worden@yahoo.com,mZ@Qxs4{*|
673342,Cliff,Omalley,Small Organization,M,23,3,cliff.omalley@yahoo.com,R5E*T.3:*j27g^
128935,Chris,Farrow,Academic purpose,F,19,5,chris.farrow@gmail.com,7Bq#?.ve1Kn
337405,Jed,Ligon,Small organization,M,28,3,jed.ligon@charter.net,qjROymHnT@V
152914,Bennett,Nixon,Gaming Purpose,M,20,3,bennett.nixon@hotmail.com,7/-v*^oJ6A]&
216967,Korey,Painter,Small organization,M,29,3,korey.painter@gmail.com,GTh/ih@]R6]
770846,Paulita,Sweeney,Personal Use,F,16,1,paulita.sweeney@msn.com,lR{L:h-+~8
815534,Lucio,Barber,Small Organization,M,20,3,lucio.barber@verizon.net,Bvh6%KJO
618048,Jeremy,Vernon,Small Organization,F,22,3,jeremy.vernon@gmail.com,OKPNU{Q289/
456328,Luz,Sams,Small organization,F,23,3,luz.sams@shell.com,2.l5q\TGYKO>
704021,Dallas,Copley,Gaming Purpose,M,18,3,dallas.copley@yahoo.co.in,eb]89l!]Fb&&$
173346,Sung,Muncy,Academic purpose,M,26,2,sung.muncy@aol.com,Qt}Q$wZ]EGWp|i
850385,Launa,Mayer,Big Organization,F,45,10,launa.mayer@cox.net,Mi6Ts6o7bY6$QW>
619779,Virgilio,Hatch,Big Organization,M,56,10,virgilio.hatch@yahoo.co.uk,gs0\xGCGP6
521177,Ryan,Cleary,Personal Use,M,16,1,ryan.cleary@shaw.ca,t4GNt:K<sd<]vKn
910461,Elvia,Albrecht,Personal Use,F,17,1,elvia.albrecht@gmail.com,75Q#RZFH}hqn
962174,Reed,Duncan,Personal Use,M,21,1,reed.duncan@verizon.net,p@H1!u6kI
648346,Nigel,Usher,Small Organization,M,23,3,nigel.usher@yahoo.com,LMy/>y2YsMBqUAW
454793,Quyen,Lau,Big Organization,F,46,10,quyen.lau@btinternet.com,eR9>$+N:y~
385006,Gerardo,Upton,Big Organization,M,47,10,gerardo.upton@bellsouth.net,m<W0?Z##$
490144,Arlette,Broyles,Big Organization,F,48,10,arlette.broyles@sbcglobal.net,S-cbZvEw
431839,Andrew,Stahl,Personal Use,M,16,1,andrew.stahl@sbcglobal.net,tlu-+.lTG|lR
890988,Deon,Brackett,Big Organization,M,49,10,deon.brackett@gmail.com,7~L!pAins1MU5V
827505,Wilton,Alicea,Small Organization,M,24,3,wilton.alicea@hotmail.com,o0+zjgG0RqF[zF
353838,Grayce,Grayson,Small organization,F,22,3,grayce.grayson@hotmail.com,3Cl-6ctw|D+
156077,Kirby,Christian,Gaming Purpose,M,19,3,kirby.christian@hotmail.com,x<1DPd1Yzvwc
438976,Rosalyn,Marks,Personal Use,F,23,1,rosalyn.marks@shell.com,ovN[Ro:OZH.n<h}
910320,Freddy,Matos,Gaming Purpose,M,23,3,freddy.matos@yahoo.com,d1?Kae_dNcuRa
591722,Breann,Smart,Gaming Purpose,F,15,3,breann.smart@shaw.ca,TR-%LKwU&1FH}<
872330,Eli,Jackson,Small Organization,M,28,3,eli.jackson@hotmail.co.uk,5e>jZQPJl>
444949,Almeta,Damron,Personal Use,F,16,1,almeta.damron@aol.com,rT/:4}bSyFEN]2*
872654,Dane,Meeks,Academic purpose,M,16,2,dane.meeks@gmail.com,z@jV._/1xR2Nzb
986185,Katelyn,Matthews,Big Organization,F,30,10,katelyn.matthews@gmail.com,Ax$#pPsJLo#s
844541,Fairy,Boyce,Academic purpose,F,16,2,fairy.boyce@yahoo.com,LZJzUuBv:qsUBa
839298,Latoya,Dunning,Small Organization,F,20,3,latoya.dunning@comcast.net,q.[9esD2O
756664,Tomas,Weston,Small Organization,M,27,3,tomas.weston@gmail.com,JM8BTgV#Zp2SH4
132984,Bridget,Vo,Gaming Purpose,F,26,3,bridget.vo@msn.com,u-I|b%F<3?&r-|
118770,Jonathon,Seitz,Big Organization,M,50,10,jonathon.seitz@gmail.com,K?C46TI\KW*3p
650507,Corazon,Helms,Small organization,F,24,3,corazon.helms@aol.com,4ls!tbEp
643566,Daren,Labonte,Gaming Purpose,M,16,3,daren.labonte@comcast.net,a}5bwviA[M[
955134,Willia,Vidal,Personal Use,F,16,1,willia.vidal@gmail.com,I?Xa^HEABD
870420,Kiana,Wyatt,Academic purpose,F,27,5,kiana.wyatt@hotmail.com,C<ywA0gX
519038,Dwight,Gist,Small organization,M,24,3,dwight.gist@yahoo.com,o!z5$10|v/sU!
223085,Lesa,Lea,Big Organization,F,30,10,lesa.lea@hotmail.com,p}_EHE#SA78
439016,Franklin,Rutter,Small Organization,M,24,3,franklin.rutter@gmail.com,pA8U\fe-<~#9q5~
862565,Hilario,Mattos,Personal Use,M,21,1,hilario.mattos@yahoo.ca,jz2gBcdu
989000,Lyndon,Cummins,Gaming Purpose,M,21,3,lyndon.cummins@gmail.com,cKjPu>l|H>nnFRM
362896,Kristal,Rousseau,Big Organization,F,31,10,kristal.rousseau@yahoo.com,0%+3a*V|9seX
